User,Trial,House,Condition,Phase,Actual,Answer,StartTime,SaveTime,EndTime,Duration,Surprise,Difference,AbsDifference,Percentage,AbsPercentage
1,0,181,2,1,720,0,1652789006,0,1652789007,1,0,0,0,0,0
1,1,54,2,1,1020,0,1652789007,0,1652789008,1,0,0,0,0,0
1,2,121,2,1,655,0,1652789008,0,1652789009,1,0,0,0,0,0
1,3,188,2,1,840,0,1652789009,0,1652789012,3,0,0,0,0,0
1,4,72,2,1,750,0,1652789013,0,1652789013,0,0,0,0,0,0
1,5,98,2,1,910,0,1652789014,0,1652789014,0,0,0,0,0,0
1,6,174,2,1,450,0,1652789015,0,1652789015,0,0,0,0,0,0
1,7,200,2,1,470,0,1652789015,0,1652789016,1,0,0,0,0,0
1,8,138,2,1,795,0,1652789016,0,1652789017,1,0,0,0,0,0
1,9,56,2,1,460,0,1652789017,0,1652789018,1,0,0,0,0,0
1,10,190,2,1,795,0,1652789018,0,1652789019,1,0,0,0,0,0
1,11,117,2,1,670,0,1652789019,0,1652789020,1,0,0,0,0,0
1,12,176,2,1,390,0,1652789020,0,1652789021,1,0,0,0,0,0
1,13,6,2,1,485,0,1652789021,0,1652789022,1,0,0,0,0,0
1,14,19,2,1,375,0,1652789022,0,1652789023,1,0,0,0,0,0
1,15,182,2,1,635,0,1652789023,0,1652789024,1,0,0,0,0,0
1,16,50,2,1,300,0,1652789024,0,1652789025,1,0,0,0,0,0
1,17,178,2,1,310,0,1652789025,0,1652789026,1,0,0,0,0,0
1,18,153,2,1,485,0,1652789026,0,1652789027,1,0,0,0,0,0
1,19,80,2,1,440,0,1652789027,0,1652789028,1,0,0,0,0,0
1,0,16,2,2,830,500,1652789065,71060.30000001192,1652789070,5,0,-330,330,-0.39759036144578,0.39759036144578
1,1,38,2,2,665,800,1652789070,75736.30000001192,1652789075,5,0,135,135,0.20300751879699,0.20300751879699
1,2,55,2,2,1025,500,1652789075,79587.30000001192,1652789078,3,0,-525,525,-0.51219512195122,0.51219512195122
1,3,59,2,2,400,600,1652789078,83738.30000001192,1652789082,4,0,200,200,0.5,0.5
1,4,43,2,2,290,500,1652789083,87631.30000001192,1652789086,3,0,210,210,0.72413793103448,0.72413793103448
1,5,14,2,2,750,600,1652789086,91301.30000001192,1652789090,4,0,-150,150,-0.2,0.2
1,6,148,2,2,635,800,1652789090,95160.30000001192,1652789094,4,0,165,165,0.25984251968504,0.25984251968504
1,7,37,2,2,885,900,1652789094,98726.30000001192,1652789097,3,0,15,15,0.016949152542373,0.016949152542373
1,8,168,2,2,740,605,1652789097,106510.30000001192,1652789105,8,0,-135,135,-0.18243243243243,0.18243243243243
1,9,33,2,2,890,500,1652789105,110755.30000001192,1652789110,5,0,-390,390,-0.43820224719101,0.43820224719101
1,10,96,2,2,765,900,1652789110,114604.30000001192,1652789113,3,0,135,135,0.17647058823529,0.17647058823529
1,11,110,2,2,755,400,1652789113,117974.30000001192,1652789117,4,0,-355,355,-0.47019867549669,0.47019867549669
1,12,165,2,2,470,600,1652789117,121322.30000001192,1652789120,3,0,130,130,0.27659574468085,0.27659574468085
1,13,3,2,2,650,400,1652789120,124678.30000001192,1652789123,3,0,-250,250,-0.38461538461538,0.38461538461538
1,14,150,2,2,915,600,1652789123,127982.30000001192,1652789127,4,0,-315,315,-0.34426229508197,0.34426229508197
1,15,42,2,2,815,400,1652789127,132452.30000001192,1652789131,4,0,-415,415,-0.50920245398773,0.50920245398773
1,16,20,2,2,400,600,1652789131,135825.30000001192,1652789134,3,0,200,200,0.5,0.5
1,17,73,2,2,750,400,1652789135,139245.30000001192,1652789138,3,0,-350,350,-0.46666666666667,0.46666666666667
1,18,76,2,2,780,500,1652789138,142323.30000001192,1652789141,3,0,-280,280,-0.35897435897436,0.35897435897436
1,19,201,2,2,1010,400,1652789141,145489.30000001192,1652789144,3,0,-610,610,-0.6039603960396,0.6039603960396
1,0,103,2,3,475,500,1652789150,"Tue May 17 2022 14:05:54 GMT+0200 (Central European Summer Time)",1652789155,5,5,25,25,0.052631578947368,0.052631578947368
1,1,49,2,3,910,500,1652789155,"Tue May 17 2022 14:05:58 GMT+0200 (Central European Summer Time)",1652789159,4,3,-410,410,-0.45054945054945,0.45054945054945
1,2,134,2,3,535,500,1652789160,"Tue May 17 2022 14:06:03 GMT+0200 (Central European Summer Time)",1652789165,5,5,-35,35,-0.065420560747664,0.065420560747664
1,3,41,2,3,805,300,1652789165,"Tue May 17 2022 14:06:08 GMT+0200 (Central European Summer Time)",1652789170,5,7,-505,505,-0.62732919254658,0.62732919254658
1,4,87,2,3,995,400,1652789170,"Tue May 17 2022 14:06:12 GMT+0200 (Central European Summer Time)",1652789174,4,6,-595,595,-0.59798994974874,0.59798994974874
1,5,142,2,3,860,500,1652789174,"Tue May 17 2022 14:06:17 GMT+0200 (Central European Summer Time)",1652789178,4,6,-360,360,-0.41860465116279,0.41860465116279
1,6,119,2,3,720,400,1652789178,"Tue May 17 2022 14:06:21 GMT+0200 (Central European Summer Time)",1652789182,4,6,-320,320,-0.44444444444444,0.44444444444444
1,7,18,2,3,395,400,1652789182,"Tue May 17 2022 14:06:25 GMT+0200 (Central European Summer Time)",1652789186,4,3,5,5,0.012658227848101,0.012658227848101
1,8,199,2,3,550,300,1652789186,"Tue May 17 2022 14:06:29 GMT+0200 (Central European Summer Time)",1652789191,5,6,-250,250,-0.45454545454545,0.45454545454545
1,9,111,2,3,570,400,1652789191,"Tue May 17 2022 14:06:34 GMT+0200 (Central European Summer Time)",1652789195,4,6,-170,170,-0.29824561403509,0.29824561403509
1,10,32,2,3,1005,400,1652789195,"Tue May 17 2022 14:06:38 GMT+0200 (Central European Summer Time)",1652789200,5,7,-605,605,-0.60199004975124,0.60199004975124
1,11,82,2,3,355,400,1652789200,"Tue May 17 2022 14:06:42 GMT+0200 (Central European Summer Time)",1652789204,4,7,45,45,0.12676056338028,0.12676056338028
1,12,101,2,3,515,400,1652789204,"Tue May 17 2022 14:06:46 GMT+0200 (Central European Summer Time)",1652789208,4,6,-115,115,-0.22330097087379,0.22330097087379
1,13,177,2,3,400,400,1652789208,"Tue May 17 2022 14:06:50 GMT+0200 (Central European Summer Time)",1652789211,3,7,0,0,0,0
1,14,85,2,3,320,400,1652789212,"Tue May 17 2022 14:06:54 GMT+0200 (Central European Summer Time)",1652789215,3,7,80,80,0.25,0.25
1,15,48,2,3,790,400,1652789216,"Tue May 17 2022 14:06:58 GMT+0200 (Central European Summer Time)",1652789219,3,7,-390,390,-0.49367088607595,0.49367088607595
1,16,128,2,3,495,500,1652789220,"Tue May 17 2022 14:07:03 GMT+0200 (Central European Summer Time)",1652789225,5,7,5,5,0.01010101010101,0.01010101010101
1,17,39,2,3,670,400,1652789225,"Tue May 17 2022 14:07:07 GMT+0200 (Central European Summer Time)",1652789229,4,3,-270,270,-0.40298507462687,0.40298507462687
1,18,75,2,3,1010,400,1652789229,"Tue May 17 2022 14:07:12 GMT+0200 (Central European Summer Time)",1652789233,4,6,-610,610,-0.6039603960396,0.6039603960396
1,19,0,2,3,630,400,1652789233,"Tue May 17 2022 14:07:16 GMT+0200 (Central European Summer Time)",1652789238,5,1,-230,230,-0.36507936507937,0.36507936507937
1,0,188,2,3,840,400,1652788690,"Tue May 17 2022 14:10:06 GMT+0200 (Central European Summer Time)",1652789409,719,6,-440,440,-0.52380952380952,0.52380952380952
2,0,181,3,1,789,0,1652789550,0,1652789551,1,0,0,0,0,0
2,1,54,3,1,901,0,1652789551,0,1652789552,1,0,0,0,0,0
2,2,121,3,1,565,0,1652789552,0,1652789552,0,0,0,0,0,0
2,3,188,3,1,810,0,1652789552,0,1652789552,0,0,0,0,0,0
2,4,72,3,1,806,0,1652789552,0,1652789553,1,0,0,0,0,0
2,5,98,3,1,790,0,1652789553,0,1652789553,0,0,0,0,0,0
2,6,174,3,1,600,0,1652789553,0,1652789553,0,0,0,0,0,0
2,7,200,3,1,480,0,1652789553,0,1652789553,0,0,0,0,0,0
2,8,138,3,1,727,0,1652789553,0,1652789554,1,0,0,0,0,0
2,9,56,3,1,405,0,1652789554,0,1652789554,0,0,0,0,0,0
2,10,190,3,1,750,0,1652789554,0,1652789554,0,0,0,0,0,0
2,11,117,3,1,560,0,1652789554,0,1652789554,0,0,0,0,0,0
2,12,176,3,1,390,0,1652789554,0,1652789554,0,0,0,0,0,0
2,13,6,3,1,450,0,1652789554,0,1652789555,1,0,0,0,0,0
2,14,19,3,1,400,0,1652789555,0,1652789555,0,0,0,0,0,0
2,15,182,3,1,545,0,1652789555,0,1652789555,0,0,0,0,0,0
2,16,50,3,1,320,0,1652789556,0,1652789556,0,0,0,0,0,0
2,17,178,3,1,450,0,1652789556,0,1652789556,0,0,0,0,0,0
2,18,153,3,1,570,0,1652789556,0,1652789556,0,0,0,0,0,0
2,19,80,3,1,340,0,1652789556,0,1652789557,1,0,0,0,0,0
2,0,16,3,2,600,600,1652789558,38633.19999998808,1652789562,4,0,0,0,0,0
2,1,38,3,2,960,6000,1652789563,43369.69999998808,1652789567,4,0,5040,5040,5.25,5.25
2,2,55,3,2,1340,600,1652789567,48273.80000001192,1652789572,5,0,-740,740,-0.55223880597015,0.55223880597015
2,3,59,3,2,329,600,1652789572,52971.60000002384,1652789576,4,0,271,271,0.82370820668693,0.82370820668693
2,4,43,3,2,345,600,1652789578,59478.19999998808,1652789583,5,0,255,255,0.73913043478261,0.73913043478261
2,5,14,3,2,700,600,1652789583,63382.90000003576,1652789587,4,0,-100,100,-0.14285714285714,0.14285714285714
2,6,148,3,2,690,600,1652789587,67263.40000003576,1652789591,4,0,-90,90,-0.1304347826087,0.1304347826087
2,7,37,3,2,750,600,1652789591,71981.40000003576,1652789596,5,0,-150,150,-0.2,0.2
2,8,168,3,2,756,600,1652789596,75986.5,1652789600,4,0,-156,156,-0.20634920634921,0.20634920634921
2,9,33,3,2,980,600,1652789600,79982.5,1652789603,3,0,-380,380,-0.38775510204082,0.38775510204082
2,10,96,3,2,725,600,1652789604,83806.19999998808,1652789607,3,0,-125,125,-0.17241379310345,0.17241379310345
2,11,110,3,2,758,600,1652789607,87961.30000001192,1652789612,5,0,-158,158,-0.20844327176781,0.20844327176781
2,12,165,3,2,605,600,1652789612,91698.40000003576,1652789615,3,0,-5,5,-0.0082644628099174,0.0082644628099174
2,13,3,3,2,640,600,1652789615,95219.30000001192,1652789619,4,0,-40,40,-0.0625,0.0625
2,14,150,3,2,1510,600,1652789619,99353.40000003576,1652789623,4,0,-910,910,-0.60264900662252,0.60264900662252
2,15,42,3,2,700,600,1652789623,103313.30000001192,1652789627,4,0,-100,100,-0.14285714285714,0.14285714285714
2,16,20,3,2,465,600,1652789627,106970.90000003576,1652789631,4,0,135,135,0.29032258064516,0.29032258064516
2,17,73,3,2,630,600,1652789631,110809.30000001192,1652789634,3,0,-30,30,-0.047619047619048,0.047619047619048
2,18,76,3,2,495,600,1652789634,114546.19999998808,1652789638,4,0,105,105,0.21212121212121,0.21212121212121
2,19,201,3,2,1770,600,1652789638,118435.40000003576,1652789642,4,0,-1170,1170,-0.66101694915254,0.66101694915254
2,0,103,3,3,475,500,1652789647,"Tue May 17 2022 14:14:10 GMT+0200 (Central European Summer Time)",1652789653,6,4,25,25,0.052631578947368,0.052631578947368
2,1,49,3,3,910,500,1652789653,"Tue May 17 2022 14:14:17 GMT+0200 (Central European Summer Time)",1652789660,7,1,-410,410,-0.45054945054945,0.45054945054945
2,2,134,3,3,535,500,1652789660,"Tue May 17 2022 14:14:23 GMT+0200 (Central European Summer Time)",1652789665,5,7,-35,35,-0.065420560747664,0.065420560747664
2,3,41,3,3,805,500,1652789667,"Tue May 17 2022 14:14:30 GMT+0200 (Central European Summer Time)",1652789672,5,4,-305,305,-0.37888198757764,0.37888198757764
2,4,87,3,3,995,500,1652789673,"Tue May 17 2022 14:14:36 GMT+0200 (Central European Summer Time)",1652789679,6,3,-495,495,-0.49748743718593,0.49748743718593
2,5,142,3,3,860,500,1652789680,"Tue May 17 2022 14:14:44 GMT+0200 (Central European Summer Time)",1652789687,7,4,-360,360,-0.41860465116279,0.41860465116279
2,6,119,3,3,720,500,1652789687,"Tue May 17 2022 14:14:50 GMT+0200 (Central European Summer Time)",1652789692,5,3,-220,220,-0.30555555555556,0.30555555555556
2,7,18,3,3,395,500,1652789694,"Tue May 17 2022 14:14:57 GMT+0200 (Central European Summer Time)",1652789699,5,5,105,105,0.26582278481013,0.26582278481013
2,8,199,3,3,550,500,1652789700,"Tue May 17 2022 14:15:03 GMT+0200 (Central European Summer Time)",1652789705,5,4,-50,50,-0.090909090909091,0.090909090909091
2,9,111,3,3,570,600,1652789705,"Tue May 17 2022 14:15:08 GMT+0200 (Central European Summer Time)",1652789710,5,3,30,30,0.052631578947368,0.052631578947368
2,10,32,3,3,1005,600,1652789710,"Tue May 17 2022 14:15:13 GMT+0200 (Central European Summer Time)",1652789716,6,3,-405,405,-0.40298507462687,0.40298507462687
2,11,82,3,3,355,500,1652789716,"Tue May 17 2022 14:15:20 GMT+0200 (Central European Summer Time)",1652789724,8,4,145,145,0.40845070422535,0.40845070422535
2,12,101,3,3,515,500,1652789724,"Tue May 17 2022 14:15:27 GMT+0200 (Central European Summer Time)",1652789731,7,5,-15,15,-0.029126213592233,0.029126213592233
2,13,177,3,3,400,400,1652789731,"Tue May 17 2022 14:15:40 GMT+0200 (Central European Summer Time)",1652789747,16,1,0,0,0,0
2,14,85,3,3,320,400,1652789748,"Tue May 17 2022 14:16:01 GMT+0200 (Central European Summer Time)",1652789765,17,3,80,80,0.25,0.25
2,15,48,3,3,790,800,1652789765,"Tue May 17 2022 14:16:10 GMT+0200 (Central European Summer Time)",1652789774,9,2,10,10,0.012658227848101,0.012658227848101
2,16,128,3,3,495,450,1652789774,"Tue May 17 2022 14:16:24 GMT+0200 (Central European Summer Time)",1652789789,15,2,-45,45,-0.090909090909091,0.090909090909091
2,17,39,3,3,670,800,1652789789,"Tue May 17 2022 14:16:35 GMT+0200 (Central European Summer Time)",1652789799,10,3,130,130,0.19402985074627,0.19402985074627
2,18,75,3,3,1010,1000,1652789800,"Tue May 17 2022 14:16:44 GMT+0200 (Central European Summer Time)",1652789808,8,1,-10,10,-0.0099009900990099,0.0099009900990099
2,19,0,3,3,630,650,1652789808,"Tue May 17 2022 14:16:55 GMT+0200 (Central European Summer Time)",1652789819,11,1,20,20,0.031746031746032,0.031746031746032
3,0,181,4,1,720,0,1652791380,0,1652791382,2,0,0,0,0,0
3,1,54,4,1,1020,0,1652791382,0,1652791383,1,0,0,0,0,0
5,0,51,2,1,1145,0,1652793681,0,1652793691,10,0,0,0,0,0
5,1,10,2,1,660,0,1652793691,0,1652793697,6,0,0,0,0,0
5,2,131,2,1,415,0,1652793697,0,1652793699,2,0,0,0,0,0
5,3,197,2,1,555,0,1652793699,0,1652793700,1,0,0,0,0,0
5,4,133,2,1,410,0,1652793700,0,1652793701,1,0,0,0,0,0
5,5,71,2,1,845,0,1652793702,0,1652793703,1,0,0,0,0,0
5,6,74,2,1,440,0,1652793703,0,1652793704,1,0,0,0,0,0
5,7,186,2,1,605,0,1652793704,0,1652793705,1,0,0,0,0,0
5,8,171,2,1,440,0,1652793705,0,1652793707,2,0,0,0,0,0
5,9,161,2,1,1060,0,1652793707,0,1652793709,2,0,0,0,0,0
5,10,64,2,1,1030,0,1652793709,0,1652793717,8,0,0,0,0,0
5,11,173,2,1,1175,0,1652793717,0,1652793719,2,0,0,0,0,0
5,12,69,2,1,1060,0,1652793719,0,1652793720,1,0,0,0,0,0
5,13,184,2,1,495,0,1652793720,0,1652793722,2,0,0,0,0,0
5,14,12,2,1,390,0,1652793722,0,1652793723,1,0,0,0,0,0
5,15,57,2,1,675,0,1652793724,0,1652793726,2,0,0,0,0,0
5,16,67,2,1,575,0,1652793726,0,1652793727,1,0,0,0,0,0
5,17,157,2,1,540,0,1652793727,0,1652793729,2,0,0,0,0,0
5,18,116,2,1,680,0,1652793729,0,1652793730,1,0,0,0,0,0
5,19,196,2,1,675,0,1652793730,0,1652793732,2,0,0,0,0,0
5,0,5,2,2,595,120,1652793816,221958.1000000015,1652793836,20,0,-475,475,-0.79831932773109,0.79831932773109
5,1,127,2,2,570,1,1652793836,226281.1000000015,1652793841,5,0,-569,569,-0.99824561403509,0.99824561403509
5,2,4,2,2,1060,1,1652793841,230064.1000000015,1652793845,4,0,-1059,1059,-0.99905660377358,0.99905660377358
5,3,147,2,2,430,1,1652793845,234679.1000000015,1652793849,4,0,-429,429,-0.99767441860465,0.99767441860465
5,4,23,2,2,875,1,1652793849,238977.1000000015,1652793853,4,0,-874,874,-0.99885714285714,0.99885714285714
5,5,114,2,2,1090,1,1652793853,242826.1000000015,1652793857,4,0,-1089,1089,-0.99908256880734,0.99908256880734
5,6,29,2,2,1240,1,1652793857,247068.1000000015,1652793861,4,0,-1239,1239,-0.9991935483871,0.9991935483871
5,7,58,2,2,530,1,1652793861,250966.1000000015,1652793865,4,0,-529,529,-0.99811320754717,0.99811320754717
5,8,183,2,2,640,1,1652793865,254607.1000000015,1652793869,4,0,-639,639,-0.9984375,0.9984375
5,9,27,2,2,580,1,1652793869,258448.1000000015,1652793873,4,0,-579,579,-0.99827586206897,0.99827586206897
5,10,145,2,2,955,1,1652793873,262421.1000000015,1652793887,14,0,-954,954,-0.99895287958115,0.99895287958115
5,11,156,2,2,400,1,1652793887,278742.1000000015,1652793893,6,0,-399,399,-0.9975,0.9975
5,12,15,2,2,1010,1,1652793893,285464.1000000015,1652793900,7,0,-1009,1009,-0.9990099009901,0.9990099009901
5,13,21,2,2,1015,1,1652793900,293171.1000000015,1652793907,7,0,-1014,1014,-0.99901477832512,0.99901477832512
5,14,97,2,2,970,1,1652793908,296954.1000000015,1652793911,3,0,-969,969,-0.99896907216495,0.99896907216495
5,15,22,2,2,760,1,1652793911,301677.1000000015,1652793916,5,0,-759,759,-0.99868421052632,0.99868421052632
5,16,151,2,2,320,1,1652793916,305609.1000000015,1652793920,4,0,-319,319,-0.996875,0.996875
5,17,13,2,2,335,1,1652793920,310900.1000000015,1652793925,5,0,-334,334,-0.99701492537313,0.99701492537313
5,18,159,2,2,805,1,1652793925,314615.1000000015,1652793929,4,0,-804,804,-0.99875776397516,0.99875776397516
5,19,11,2,2,1380,1,1652793929,318681.1000000015,1652793933,4,0,-1379,1379,-0.99927536231884,0.99927536231884
6,0,51,3,1,435,0,1652963075,0,1652963077,2,0,0,0,0,0
6,1,10,3,1,700,0,1652963081,0,1652963082,1,0,0,0,0,0
6,2,131,3,1,470,0,1652963082,0,1652963085,3,0,0,0,0,0
6,3,197,3,1,635,0,1652963085,0,1652963085,0,0,0,0,0,0
6,4,133,3,1,470,0,1652963086,0,1652963086,0,0,0,0,0,0
6,5,71,3,1,1045,0,1652963086,0,1652963086,0,0,0,0,0,0
6,6,74,3,1,490,0,1652963087,0,1652963087,0,0,0,0,0,0
6,7,186,3,1,540,0,1652963087,0,1652963087,0,0,0,0,0,0
6,8,171,3,1,430,0,1652963087,0,1652963087,0,0,0,0,0,0
6,9,161,3,1,422,0,1652963088,0,1652963088,0,0,0,0,0,0
6,10,64,3,1,930,0,1652963088,0,1652963089,1,0,0,0,0,0
6,11,173,3,1,1300,0,1652963089,0,1652963090,1,0,0,0,0,0
6,12,69,3,1,415,0,1652963090,0,1652963091,1,0,0,0,0,0
6,13,184,3,1,580,0,1652963094,0,1652963096,2,0,0,0,0,0
6,14,12,3,1,425,0,1652963096,0,1652963097,1,0,0,0,0,0
6,15,57,3,1,600,0,1652963097,0,1652963098,1,0,0,0,0,0
6,16,67,3,1,570,0,1652963098,0,1652963099,1,0,0,0,0,0
6,17,157,3,1,585,0,1652963099,0,1652963100,1,0,0,0,0,0
6,18,116,3,1,630,0,1652963100,0,1652963101,1,0,0,0,0,0
6,19,196,3,1,650,0,1652963101,0,1652963103,2,0,0,0,0,0
6,0,5,3,2,791,800,1652963106,51777.199999928474,1652963113,7,0,9,9,0.011378002528445,0.011378002528445
6,1,127,3,2,675,800,1652963113,58408.799999952316,1652963119,6,0,125,125,0.18518518518519,0.18518518518519
6,2,4,3,2,950,800,1652963119,63878.299999952316,1652963125,6,0,-150,150,-0.15789473684211,0.15789473684211
6,3,147,3,2,420,800,1652963125,69222.79999995232,1652963129,4,0,380,380,0.9047619047619,0.9047619047619
6,4,23,3,2,350,798,1652963129,73568.29999995232,1652963134,5,0,448,448,1.28,1.28
6,5,114,3,2,1340,800,1652963134,77631,1652963138,4,0,-540,540,-0.40298507462687,0.40298507462687
6,6,29,3,2,1415,800,1652963138,81444.09999990463,1652963141,3,0,-615,615,-0.43462897526502,0.43462897526502
6,7,58,3,2,490,800,1652963142,86980.69999992847,1652963147,5,0,310,310,0.63265306122449,0.63265306122449
6,8,183,3,2,560,800,1652963148,92084.09999990463,1652963152,4,0,240,240,0.42857142857143,0.42857142857143
6,9,27,3,2,528,800,1652963153,98127.19999992847,1652963159,6,0,272,272,0.51515151515152,0.51515151515152
6,10,145,3,2,895,800,1652963159,103588.89999997616,1652963164,5,0,-95,95,-0.10614525139665,0.10614525139665
6,11,156,3,2,430,800,1652963164,108303.69999992847,1652963169,5,0,370,370,0.86046511627907,0.86046511627907
6,12,15,3,2,994,800,1652963169,113278.19999992847,1652963173,4,0,-194,194,-0.19517102615694,0.19517102615694
6,13,21,3,2,1155,800,1652963173,117539.69999992847,1652963177,4,0,-355,355,-0.30735930735931,0.30735930735931
6,14,97,3,2,400,800,1652963178,122127.09999990463,1652963183,5,0,400,400,1,1
6,15,22,3,2,758,800,1652963183,126064.79999995232,1652963186,3,0,42,42,0.055408970976253,0.055408970976253
6,16,151,3,2,405,800,1652963186,129779.5,1652963190,4,0,395,395,0.97530864197531,0.97530864197531
6,17,13,3,2,285,800,1652963190,133212.79999995232,1652963193,3,0,515,515,1.8070175438596,1.8070175438596
6,18,159,3,2,775,800,1652963193,137546.89999997616,1652963198,5,0,25,25,0.032258064516129,0.032258064516129
6,19,11,3,2,2000,800,1652963198,144241.29999995232,1652963204,6,0,-1200,1200,-0.6,0.6
0,0,11,3,1,2000,0,0,0,1657113739,0,1657113740,1,1657113740,0,0,0,0,0,0,0,0,0,0,0
0,1,6,3,1,450,0,0,0,1657113740,0,1657113741,1,1657113741,0,0,0,0,0,0,0,0,0,0,0
0,2,61,3,1,565,0,0,0,1657113741,0,1657113741,0,1657113741,0,0,0,0,0,0,0,0,0,0,0
0,3,108,3,1,480,0,0,0,1657113741,0,1657113742,1,1657113742,0,0,0,0,0,0,0,0,0,0,0
0,4,13,3,1,285,0,0,0,1657113742,0,1657113743,1,1657113743,0,0,0,0,0,0,0,0,0,0,0
0,5,58,3,1,490,0,0,0,1657113743,0,1657113743,0,1657113743,0,0,0,0,0,0,0,0,0,0,0
0,6,54,3,1,901,0,0,0,1657113743,0,1657113744,1,1657113744,0,0,0,0,0,0,0,0,0,0,0
0,7,1,3,1,355,0,0,0,1657113744,0,1657113744,0,1657113744,0,0,0,0,0,0,0,0,0,0,0
0,8,64,3,1,930,0,0,0,1657113744,0,1657113746,2,1657113746,0,0,0,0,0,0,0,0,0,0,0
0,9,20,3,1,465,0,0,0,1657113746,0,1657113746,0,1657113746,0,0,0,0,0,0,0,0,0,0,0
0,10,46,3,1,480,0,0,0,1657113746,0,1657113747,1,1657113747,0,0,0,0,0,0,0,0,0,0,0
0,11,40,3,1,1950,0,0,0,1657113747,0,1657113747,0,1657113747,0,0,0,0,0,0,0,0,0,0,0
0,12,35,3,1,560,0,0,0,1657113747,0,1657113748,1,1657113748,0,0,0,0,0,0,0,0,0,0,0
0,13,115,3,1,405,0,0,0,1657113748,0,1657113748,0,1657113748,0,0,0,0,0,0,0,0,0,0,0
0,14,81,3,1,715,0,0,0,1657113748,0,1657113749,1,1657113749,0,0,0,0,0,0,0,0,0,0,0
0,15,100,3,1,895,0,0,0,1657113749,0,1657113750,1,1657113750,0,0,0,0,0,0,0,0,0,0,0
0,16,3,3,1,640,0,0,0,1657113750,0,1657113751,1,1657113751,0,0,0,0,0,0,0,0,0,0,0
0,17,7,3,1,440,0,0,0,1657113751,0,1657113752,1,1657113752,0,0,0,0,0,0,0,0,0,0,0
0,18,83,3,1,540,0,0,0,1657113752,0,1657113753,1,1657113753,0,0,0,0,0,0,0,0,0,0,0
0,19,41,3,1,817,0,0,0,1657113753,0,1657113753,0,1657113753,0,0,0,0,0,0,0,0,0,0,0
0,20,99,3,1,715,0,0,0,1657113753,0,1657113754,1,1657113754,0,0,0,0,0,0,0,0,0,0,0
0,21,93,3,1,850,0,0,0,1657113754,0,1657113756,2,1657113756,0,0,0,0,0,0,0,0,0,0,0
0,22,65,3,1,450,0,0,0,1657113756,0,1657117762,4006,1657117762,0,0,0,0,0,0,0,0,0,0,0
0,23,48,3,1,1149,0,0,0,1657117762,0,1657117764,2,1657117764,0,0,0,0,0,0,0,0,0,0,0
0,24,34,3,1,457,0,0,0,1657117764,0,1657117765,1,1657117765,0,0,0,0,0,0,0,0,0,0,0
0,25,49,3,1,900,0,0,0,1657117765,0,1657117765,0,1657117765,0,0,0,0,0,0,0,0,0,0,0
0,26,39,3,1,519,0,0,0,1657117765,0,1657117766,1,1657117766,0,0,0,0,0,0,0,0,0,0,0
0,27,36,3,1,790,0,0,0,1657117767,0,1657117767,0,1657117767,0,0,0,0,0,0,0,0,0,0,0
0,28,62,3,1,474,0,0,0,1657117767,0,1657117768,1,1657117768,0,0,0,0,0,0,0,0,0,0,0
0,29,22,3,1,758,0,0,0,1657117768,0,1657117769,1,1657117769,0,0,0,0,0,0,0,0,0,0,0
0,0,192,3,2,950,0,800,900,1657117771,1657117778,1657117778,7,0,0,0,0,0,0,0,0,0,0,0,0
0,1,115,3,2,405,0,900,1000,1657117778,1657117783,1657117784,6,1,0,0,0,0,0,0,0,0,0,0,0
0,2,55,3,2,1340,0,1500,1600,1657117784,1657117790,1657117791,7,1,0,0,0,0,0,0,0,0,0,0,0
0,3,189,3,2,420,0,500,600,1657117791,1657117797,1657117798,7,1,0,0,0,0,0,0,0,0,0,0,0
0,4,160,3,2,520,0,300,450,1657117798,1657117803,1657117804,6,1,0,0,0,0,0,0,0,0,0,0,0
0,5,31,3,2,550,0,400,500,1657117804,1657117808,1657117809,5,1,0,0,0,0,0,0,0,0,0,0,0
0,6,131,3,2,470,0,500,600,1657117809,1657117816,1657117816,7,0,0,0,0,0,0,0,0,0,0,0,0
0,7,162,3,2,360,0,700,800,1657117816,1657118292,1657118293,477,1,0,0,0,0,0,0,0,0,0,0,0
0,8,100,3,2,895,0,900,1000,1657118293,1657118299,1657118302,9,3,0,0,0,0,0,0,0,0,0,0,0
0,9,49,3,2,900,0,70,80,1657118302,1657118307,1657118307,5,0,0,0,0,0,0,0,0,0,0,0,0
0,0,113,3,3,790,800,0,0,1657118331,1657118393,1657118539,208,146,1,4,1.25,0,0,1657118499514,1657118440157,true,800,1657118517629,0
0,1,30,3,3,405,400,0,0,1657118539,1657118561,1657118565,26,4,1,6,1.25,0,1657118544052,1657118499514,1657118564413,false,800,1657118517629,-100
0,2,193,3,3,440,450,0,0,1657118565,1657118884,1657118892,327,8,1,5,2.2222222222222,6,1657118630689,1657118889361,1657118890636,false,800,1657118517629,-77.777777777778
0,3,88,3,3,620,700,0,0,1657118892,1657118901,1657118904,12,3,1,6,11.428571428571,6,1657118894017,1657118889361,1657118904105,false,800,1657118517629,-14.285714285714
0,4,119,3,3,720,650,0,0,1657118905,1657118913,1657118917,12,4,1,2,10.769230769231,6,1657118906916,1657118889361,1657118916789,false,800,1657118517629,-23.076923076923
0,5,27,3,3,580,500,0,0,1657118917,1657118925,1657118930,13,5,2,4,16,6,1657118919341,1657118889361,1657118929258,false,800,1657118517629,-60
0,6,36,3,3,755,750,0,0,1657118930,1657118938,1657118942,12,4,2,3,0.66666666666667,6,1657118932134,1657118889361,1657118941682,false,800,1657118517629,-6.6666666666667
0,7,29,3,3,1240,1300,0,0,1657118942,1657118970,1657118973,31,3,1,5,4.6153846153846,5,1657118946015,1657118889361,1657118973342,false,800,1657118517629,38.461538461538
0,8,172,3,3,565,550,0,0,1657118974,1657118991,1657118994,20,3,1,4,2.7272727272727,5,1657118976148,1657118889361,1657118994194,false,800,1657118517629,-45.454545454545
0,9,99,3,3,815,780,0,0,1657118994,1657119007,1657119011,17,4,2,5,4.4871794871795,5,1657118997299,1657118889361,1657119010090,false,800,1657118517629,-2.5641025641026
0,10,59,3,3,400,350,0,0,1657119011,1657119019,1657119022,11,3,1,4,14.285714285714,5,1657119013608,1657118889361,1657119022224,false,800,1657118517629,-128.57142857143
0,11,21,3,3,1015,1100,0,0,1657119023,1657119035,1657119040,17,5,1,6,7.7272727272727,5,1657119025122,1657118889361,1657119040254,false,800,1657118517629,27.272727272727
0,12,107,3,3,755,700,0,0,1657119040,1657119054,1657119061,21,7,2,5,7.8571428571429,6,1657119045567,1657118889361,1657119060364,false,800,1657118517629,-14.285714285714
0,13,109,3,3,815,800,0,0,1657119061,1657119076,1657119079,18,3,3,3,1.875,6,1657119062952,1657118889361,1657119079186,false,800,1657118517629,0
0,14,96,3,3,765,750,0,0,1657119080,1657119094,1657119097,17,3,1,4,2,6,1657119081471,1657118889361,1657119097250,false,800,1657118517629,-6.6666666666667
0,15,201,3,3,1010,1200,0,0,1657119097,1657119109,1657119111,14,2,1,5,15.833333333333,6,1657119099659,1657118889361,1657119111310,false,800,1657118517629,33.333333333333
0,16,42,3,3,815,850,0,0,1657119112,1657119127,1657119130,18,3,2,5,4.1176470588235,6,1657119118227,1657118889361,1657119129179,false,800,1657118517629,5.8823529411765
0,17,181,3,3,720,750,0,0,1657119130,1657119148,1657119153,23,5,1,5,4,4,1657119137821,1657118889361,1657119152878,false,800,1657118517629,-6.6666666666667
0,18,136,3,3,790,800,0,0,1657119153,1657119161,1657119165,12,4,1,5,1.25,4,1657119155171,1657118889361,1657119165232,false,800,1657118517629,0
0,19,114,3,3,1090,1200,0,0,1657119166,1657119179,1657119183,17,4,1,4,9.1666666666667,4,1657119168114,1657118889361,1657119182757,false,800,1657118517629,33.333333333333
0,20,75,3,3,1010,1300,0,0,1657119183,1657119196,1657119200,17,4,1,6,22.307692307692,4,1657119185251,1657118889361,1657119199981,false,800,1657118517629,38.461538461538
0,21,102,3,3,465,450,0,0,1657119200,1657119207,1657119211,11,4,1,5,3.3333333333333,4,1657119203001,1657118889361,1657119210395,false,800,1657118517629,-77.777777777778
0,22,58,3,3,530,400,0,0,1657119211,1657119247,1657119257,46,10,1,4,32.5,6,1657119216917,1657119253639,1657119210395,true,450,1657119256392,-12.5
0,23,125,3,3,925,800,0,0,1657119257,1657119269,1657119272,15,3,1,4,15.625,6,1657119258517,1657119253639,1657119272053,false,450,1657119256392,43.75
0,24,159,3,3,805,800,0,0,1657119273,1657119285,1657119288,15,3,1,6,0.625,6,1657119275124,1657119253639,1657119287466,false,450,1657119256392,43.75
0,25,63,3,3,1175,1200,0,0,1657119288,1657119300,1657119304,16,4,1,5,2.0833333333333,6,1657119290422,1657119253639,1657119303947,false,450,1657119256392,62.5
0,26,171,3,3,440,450,0,0,1657119304,1657119313,1657119317,13,4,1,5,2.2222222222222,6,1657119308265,1657119315831,1657119316630,false,450,1657119256392,0
0,27,158,3,3,820,900,0,0,1657119317,1657119332,1657119336,19,4,2,5,8.8888888888889,6,1657119325948,1657119315831,1657119335739,false,450,1657119256392,50
0,28,53,3,3,400,400,0,0,1657119336,1657119343,1657119347,11,4,1,5,0,6,1657119338364,1657119315831,1657119346600,false,450,1657119256392,-12.5
0,29,173,3,3,1175,1400,0,0,1657119347,1657119359,1657119365,18,6,1,5,16.071428571429,6,1657119349842,1657119315831,1657119364803,false,450,1657119256392,67.857142857143
1,0,100,3,1,895,0,0,0,1657119394,0,1657119396,2,1657119396,0,0,0,0,0,0,0,0,0,0,0
1,1,7,3,1,440,0,0,0,1657119396,0,1657119396,0,1657119396,0,0,0,0,0,0,0,0,0,0,0
1,2,99,3,1,715,0,0,0,1657119396,0,1657119397,1,1657119397,0,0,0,0,0,0,0,0,0,0,0
1,3,20,3,1,465,0,0,0,1657119397,0,1657119397,0,1657119397,0,0,0,0,0,0,0,0,0,0,0
1,4,83,3,1,540,0,0,0,1657119397,0,1657119397,0,1657119397,0,0,0,0,0,0,0,0,0,0,0
1,5,49,3,1,900,0,0,0,1657119398,0,1657119398,0,1657119398,0,0,0,0,0,0,0,0,0,0,0
1,6,115,3,1,405,0,0,0,1657119398,0,1657119398,0,1657119398,0,0,0,0,0,0,0,0,0,0,0
1,7,40,3,1,1950,0,0,0,1657119398,0,1657119399,1,1657119399,0,0,0,0,0,0,0,0,0,0,0
1,8,22,3,1,758,0,0,0,1657119399,0,1657119399,0,1657119399,0,0,0,0,0,0,0,0,0,0,0
1,9,39,3,1,519,0,0,0,1657119399,0,1657119399,0,1657119399,0,0,0,0,0,0,0,0,0,0,0
1,10,3,3,1,640,0,0,0,1657119399,0,1657119399,0,1657119399,0,0,0,0,0,0,0,0,0,0,0
1,11,61,3,1,565,0,0,0,1657119399,0,1657119400,1,1657119400,0,0,0,0,0,0,0,0,0,0,0
1,12,108,3,1,480,0,0,0,1657119400,0,1657119400,0,1657119400,0,0,0,0,0,0,0,0,0,0,0
1,13,46,3,1,480,0,0,0,1657119400,0,1657119400,0,1657119400,0,0,0,0,0,0,0,0,0,0,0
1,14,62,3,1,474,0,0,0,1657119400,0,1657119400,0,1657119400,0,0,0,0,0,0,0,0,0,0,0
1,15,58,3,1,490,0,0,0,1657119401,0,1657119401,0,1657119401,0,0,0,0,0,0,0,0,0,0,0
1,16,11,3,1,2000,0,0,0,1657119401,0,1657119401,0,1657119401,0,0,0,0,0,0,0,0,0,0,0
1,17,93,3,1,850,0,0,0,1657119401,0,1657119401,0,1657119401,0,0,0,0,0,0,0,0,0,0,0
1,18,6,3,1,450,0,0,0,1657119401,0,1657119402,1,1657119402,0,0,0,0,0,0,0,0,0,0,0
1,19,1,3,1,355,0,0,0,1657119402,0,1657119402,0,1657119402,0,0,0,0,0,0,0,0,0,0,0
1,20,64,3,1,930,0,0,0,1657119402,0,1657119402,0,1657119402,0,0,0,0,0,0,0,0,0,0,0
1,21,81,3,1,715,0,0,0,1657119402,0,1657119402,0,1657119402,0,0,0,0,0,0,0,0,0,0,0
1,22,13,3,1,285,0,0,0,1657119402,0,1657119402,0,1657119402,0,0,0,0,0,0,0,0,0,0,0
1,23,54,3,1,901,0,0,0,1657119403,0,1657119403,0,1657119403,0,0,0,0,0,0,0,0,0,0,0
1,24,34,3,1,457,0,0,0,1657119403,0,1657119403,0,1657119403,0,0,0,0,0,0,0,0,0,0,0
1,25,36,3,1,790,0,0,0,1657119403,0,1657119403,0,1657119403,0,0,0,0,0,0,0,0,0,0,0
1,26,41,3,1,817,0,0,0,1657119403,0,1657119403,0,1657119403,0,0,0,0,0,0,0,0,0,0,0
1,27,65,3,1,450,0,0,0,1657119403,0,1657119404,1,1657119404,0,0,0,0,0,0,0,0,0,0,0
1,28,35,3,1,560,0,0,0,1657119404,0,1657119404,0,1657119404,0,0,0,0,0,0,0,0,0,0,0
1,29,48,3,1,1149,0,0,0,1657119404,0,1657119404,0,1657119404,0,0,0,0,0,0,0,0,0,0,0
1,0,30,3,2,450,0,90,100,1657119406,1657119411,1657119412,6,1,0,0,0,0,0,0,0,0,0,0,0
1,1,49,3,2,900,0,8,9,1657119412,1657119415,1657119416,4,1,0,0,0,0,0,0,0,0,0,0,0
1,2,88,3,2,725,0,8,9,1657119416,1657119420,1657119421,5,1,0,0,0,0,0,0,0,0,0,0,0
1,3,31,3,2,550,0,8,9,1657119421,1657119425,1657119425,4,0,0,0,0,0,0,0,0,0,0,0,0
1,4,55,3,2,1340,0,8,9,1657119426,1657119429,1657119430,4,1,0,0,0,0,0,0,0,0,0,0,0
1,5,160,3,2,520,0,8,9,1657119430,1657119433,1657119434,4,1,0,0,0,0,0,0,0,0,0,0,0
1,6,192,3,2,950,0,8,9,1657119434,1657119438,1657119438,4,0,0,0,0,0,0,0,0,0,0,0,0
1,7,27,3,2,528,0,8,9,1657119438,1657119442,1657119443,5,1,0,0,0,0,0,0,0,0,0,0,0
1,8,115,3,2,405,0,8,9,1657119443,1657119447,1657119448,5,1,0,0,0,0,0,0,0,0,0,0,0
1,9,131,3,2,470,0,8,9,1657119448,1657119452,1657119453,5,1,0,0,0,0,0,0,0,0,0,0,0
1,0,36,3,3,755,800,0,0,1657119461,1657119468,1657119475,14,7,1,3,5.625,0,0,1657119471639,0,true,755,1657119474444,5.625
1,1,99,3,3,815,800,0,0,1657119475,1657119481,1657119488,13,7,4,3,1.875,0,1657119477291,1657119483381,0,true,815,1657119486811,-1.875
1,2,100,3,3,895,800,0,0,1657119488,1657119496,1657119636,148,140,1,4,11.875,5,1657119492195,1657119630060,0,true,895,1657119634671,-11.875
1,3,172,3,3,565,800,0,0,1657119636,1657119645,1657119651,15,6,2,3,29.375,5,1657119640522,1657119648094,0,true,565,1657119650573,29.375
1,4,162,3,3,355,800,0,0,1657119651,1657119658,1657119666,15,8,2,3,55.625,5,1657119653407,1657119661685,0,true,355,1657119665036,55.625
1,5,189,3,3,460,600,0,0,1657119666,1657119674,1657119681,15,7,2,3,23.333333333333,5,1657119668660,1657119677409,0,true,460,1657119680033,23.333333333333
1,6,193,3,3,440,700,0,0,1657119681,1657119687,1657119694,13,7,1,1,37.142857142857,5,1657119682959,1657119690217,0,true,440,1657119693043,37.142857142857
1,7,119,3,3,720,800,0,0,1657119694,1657119701,1657119710,16,9,1,3,10,5,1657119697454,1657119704569,0,true,720,1657119708433,10
1,8,29,3,3,1240,800,0,0,1657119710,1657119717,1657119725,15,8,1,2,55,5,1657119711936,1657119720623,0,true,1240,1657119724431,-55
1,9,113,3,3,790,800,0,0,1657119725,1657119731,1657119737,12,6,1,4,1.25,5,1657119727041,1657119734192,0,true,790,1657119736837,1.25
1,10,195,3,3,1260,800,0,0,1657119737,1657119743,1657119751,14,8,1,4,57.5,5,1657119739086,1657119746850,0,true,1260,1657119750260,-57.5
1,11,181,3,3,720,800,0,0,1657119751,1657119760,1657119767,16,7,1,4,10,5,1657119756964,1657119762551,0,true,720,1657119765827,10
1,12,6,3,3,485,700,0,0,1657119767,1657119780,1657119788,21,8,1,5,30.714285714286,5,1657119769910,1657119783574,0,true,485,1657119787106,30.714285714286
1,13,42,3,3,815,900,0,0,1657119788,1657119795,1657119801,13,6,2,2,9.4444444444444,5,1657119789803,1657119797532,0,true,815,1657119800782,9.4444444444444
1,14,114,3,3,1090,800,0,0,1657119802,1657119807,1657119814,12,7,2,3,36.25,5,1657119803768,1657119810668,0,true,1090,1657119813450,-36.25
1,15,53,3,3,400,800,0,0,1657119814,1657119820,1657119827,13,7,2,2,50,5,1657119816046,1657119823162,0,true,400,1657119825909,50
1,16,86,3,3,875,800,0,0,1657119827,1657119832,1657119839,12,7,1,4,9.375,5,1657119828254,1657119835456,0,true,875,1657119838115,-9.375
1,17,107,3,3,755,700,0,0,1657119839,1657119847,1657119854,15,7,1,3,7.8571428571429,6,1657119843183,1657119850371,0,true,755,1657119852879,-7.8571428571429
1,18,96,3,3,765,800,0,0,1657119854,1657119862,1657119873,19,11,1,4,4.375,6,1657119857212,1657119866666,0,true,765,1657119868878,4.375
1,19,136,3,3,790,800,0,0,1657119873,1657119880,1657119889,16,9,1,4,1.25,6,1657119876874,1657119886643,1657119885995,true,790,1657119887833,1.25
1,20,21,3,3,1015,800,0,0,1657119889,1657119898,1657119906,17,8,1,2,26.875,6,1657119892112,1657119902281,1657119885995,true,1015,1657119906044,-26.875
1,21,182,3,3,635,800,0,0,1657119907,1657119912,1657119921,14,9,1,4,20.625,6,1657119908316,1657119915196,1657119885995,true,635,1657119918428,20.625
1,22,123,3,3,620,800,0,0,1657119921,1657119928,1657119937,16,9,1,4,22.5,5,1657119924219,1657119931870,1657119885995,true,620,1657119934574,22.5
1,23,89,3,3,775,800,0,0,1657119937,1657119943,1657119949,12,6,1,3,3.125,5,1657119938820,1657119946240,1657119885995,true,775,1657119948512,3.125
1,24,159,3,3,805,800,0,0,1657119949,1657119955,1657119962,13,7,2,3,0.625,5,1657119951590,1657119958108,1657119885995,true,805,1657119960848,-0.625
1,25,111,3,3,570,800,0,0,1657119962,1657119967,1657119976,14,9,2,4,28.75,5,1657119963581,1657119972207,1657119885995,true,570,1657119975184,28.75
1,26,58,3,3,530,600,0,0,1657119976,1657119981,1657119990,14,9,2,4,11.666666666667,5,1657119978011,1657119984579,1657119885995,true,530,1657119987996,11.666666666667
1,27,108,3,3,510,800,0,0,1657119990,1657120008,1657120019,29,11,5,4,36.25,5,1657120004120,1657120013871,1657120012766,true,510,1657120017109,36.25
1,28,75,3,3,1010,800,0,0,1657120019,1657120028,1657120039,20,11,2,4,26.25,5,1657120024667,1657120032609,1657120012766,true,1010,1657120036409,-26.25
1,29,173,3,3,1175,800,0,0,1657120039,1657120050,1657120060,21,10,2,3,46.875,5,1657120044674,1657120055163,1657120012766,true,1175,1657120058509,-46.875
2,0,93,3,1,850,0,0,0,1657176297,0,1657176426,129,1657176426,0,0,0,0,0,0,0,0,0,0,0
2,1,49,3,1,900,0,0,0,1657176426,0,1657176434,8,1657176434,0,0,0,0,0,0,0,0,0,0,0
2,2,58,3,1,490,0,0,0,1657176434,0,1657176554,120,1657176554,0,0,0,0,0,0,0,0,0,0,0
2,3,62,3,1,474,0,0,0,1657176554,0,1657176571,17,1657176571,0,0,0,0,0,0,0,0,0,0,0
2,4,48,3,1,1149,0,0,0,1657176571,0,1657176584,13,1657176584,0,0,0,0,0,0,0,0,0,0,0
2,5,83,3,1,540,0,0,0,1657176584,0,1657176596,12,1657176596,0,0,0,0,0,0,0,0,0,0,0
2,6,1,3,1,355,0,0,0,1657176596,0,1657176603,7,1657176603,0,0,0,0,0,0,0,0,0,0,0
2,7,34,3,1,457,0,0,0,1657176603,0,1657176619,16,1657176619,0,0,0,0,0,0,0,0,0,0,0
2,8,64,3,1,930,0,0,0,1657176619,0,1657176626,7,1657176626,0,0,0,0,0,0,0,0,0,0,0
2,9,61,3,1,565,0,0,0,1657176626,0,1657176637,11,1657176637,0,0,0,0,0,0,0,0,0,0,0
2,10,46,3,1,480,0,0,0,1657176637,0,1657176643,6,1657176643,0,0,0,0,0,0,0,0,0,0,0
2,11,65,3,1,450,0,0,0,1657176643,0,1657176647,4,1657176647,0,0,0,0,0,0,0,0,0,0,0
2,12,41,3,1,817,0,0,0,1657176647,0,1657176655,8,1657176655,0,0,0,0,0,0,0,0,0,0,0
2,13,7,3,1,440,0,0,0,1657176655,0,1657176662,7,1657176662,0,0,0,0,0,0,0,0,0,0,0
2,14,22,3,1,758,0,0,0,1657176662,0,1657176668,6,1657176668,0,0,0,0,0,0,0,0,0,0,0
2,15,39,3,1,519,0,0,0,1657176668,0,1657176673,5,1657176673,0,0,0,0,0,0,0,0,0,0,0
2,16,36,3,1,790,0,0,0,1657176673,0,1657176682,9,1657176682,0,0,0,0,0,0,0,0,0,0,0
2,17,99,3,1,715,0,0,0,1657176682,0,1657176690,8,1657176690,0,0,0,0,0,0,0,0,0,0,0
2,18,81,3,1,715,0,0,0,1657176690,0,1657176695,5,1657176695,0,0,0,0,0,0,0,0,0,0,0
2,19,20,3,1,465,0,0,0,1657176695,0,1657176704,9,1657176704,0,0,0,0,0,0,0,0,0,0,0
2,20,35,3,1,560,0,0,0,1657176704,0,1657176714,10,1657176714,0,0,0,0,0,0,0,0,0,0,0
2,21,108,3,1,480,0,0,0,1657176715,0,1657176725,10,1657176725,0,0,0,0,0,0,0,0,0,0,0
2,22,54,3,1,901,0,0,0,1657176725,0,1657176729,4,1657176729,0,0,0,0,0,0,0,0,0,0,0
2,23,11,3,1,2000,0,0,0,1657176729,0,1657176738,9,1657176738,0,0,0,0,0,0,0,0,0,0,0
2,24,13,3,1,285,0,0,0,1657176738,0,1657176886,148,1657176886,0,0,0,0,0,0,0,0,0,0,0
2,25,100,3,1,895,0,0,0,1657176887,0,1657176898,11,1657176898,0,0,0,0,0,0,0,0,0,0,0
2,26,3,3,1,640,0,0,0,1657176898,0,1657176906,8,1657176906,0,0,0,0,0,0,0,0,0,0,0
2,27,115,3,1,405,0,0,0,1657176906,0,1657176913,7,1657176913,0,0,0,0,0,0,0,0,0,0,0
2,28,40,3,1,1950,0,0,0,1657176913,0,1657176917,4,1657176917,0,0,0,0,0,0,0,0,0,0,0
2,29,6,3,1,450,0,0,0,1657176917,0,1657176921,4,1657176921,0,0,0,0,0,0,0,0,0,0,0
2,0,36,3,2,790,0,750,980,1657177004,1657177034,1657177036,32,2,0,0,0,0,0,0,0,0,0,0,0
2,1,115,3,2,405,0,350,470,1657177036,1657177112,1657177113,77,1,0,0,0,0,0,0,0,0,0,0,0
2,2,172,3,2,550,0,450,600,1657177114,1657177144,1657177146,32,2,0,0,0,0,0,0,0,0,0,0,0
2,3,29,3,2,1415,0,1000,1900,1657177146,1657177179,1657177180,34,1,0,0,0,0,0,0,0,0,0,0,0
2,4,189,3,2,420,0,340,430,1657177180,1657177204,1657177206,26,2,0,0,0,0,0,0,0,0,0,0,0
2,5,119,3,2,750,0,840,1170,1657177206,1657177302,1657177304,98,2,0,0,0,0,0,0,0,0,0,0,0
2,6,55,3,2,1340,0,870,1100,1657177304,1657177323,1657177324,20,1,0,0,0,0,0,0,0,0,0,0,0
2,7,113,3,2,750,0,850,1250,1657177324,1657177340,1657177341,17,1,0,0,0,0,0,0,0,0,0,0,0
2,8,100,3,2,895,0,850,1100,1657177341,1657177845,1657177846,505,1,0,0,0,0,0,0,0,0,0,0,0
2,9,27,3,2,528,0,550,690,1657177847,1657177922,1657177923,76,1,0,0,0,0,0,0,0,0,0,0,0
2,0,131,3,3,415,350,0,0,1657178282,1657178312,1657178343,61,31,2,5,18.571428571429,0,0,1657178325290,0,true,380,1657178341622,-8.5714285714286
2,1,162,3,3,355,380,0,0,1657178343,1657179433,1657179443,1100,10,2,5,6.5789473684211,0,1657178373179,1657178325290,1657179442547,false,380,1657178341622,0
2,2,31,3,3,460,430,0,0,1657179443,1657179582,1657179594,151,12,2,5,6.9767441860465,5,1657179551795,1657179590191,1657179442547,true,450,1657179593468,-4.6511627906977
2,3,88,3,3,620,640,0,0,1657179594,1657179616,1657179630,36,14,1,3,3.125,5,1657179601008,1657179590191,1657179629344,false,450,1657179593468,29.6875
2,4,99,3,3,815,870,0,0,1657179630,1657179670,1657179676,46,6,2,3,6.3218390804598,5,1657179634959,1657179590191,1657179676285,false,450,1657179593468,48.275862068966
2,5,49,3,3,910,780,0,0,1657179677,1657179770,1657179788,111,18,4,4,16.666666666667,5,1657179750612,1657179779509,1657179676285,true,870,1657179787789,-11.538461538462
2,6,160,3,3,475,440,0,0,1657179788,1657179875,1657179889,101,14,2,4,7.9545454545455,5,1657179859799,1657179883490,1657179676285,true,460,1657179888249,-4.5454545454545
2,7,30,3,3,405,350,0,0,1657179889,1657179980,1657179986,97,6,2,5,15.714285714286,4,1657179969239,1657179883490,1657179985937,false,460,1657179888249,-31.428571428571
2,8,193,3,3,440,450,0,0,1657179986,1657180115,1657180125,139,10,5,5,2.2222222222222,4,1657180086965,1657179883490,1657180125067,false,460,1657179888249,-2.2222222222222
2,9,192,3,3,910,890,0,0,1657180126,1657180167,1657180181,55,14,2,3,2.247191011236,4,1657180132400,1657180176609,1657180125067,true,950,1657180180374,-6.7415730337079
2,10,182,3,3,635,730,0,0,1657180181,1657180225,1657180241,60,16,2,5,13.013698630137,4,1657180210657,1657180234194,1657180125067,true,695,1657180240435,4.7945205479452
2,11,42,3,3,815,680,0,0,1657180241,1657180285,1657180293,52,8,6,3,19.852941176471,4,1657180267420,1657180234194,1657180292744,false,695,1657180240435,-2.2058823529412
2,12,53,3,3,400,350,0,0,1657180293,1657180326,1657180330,37,4,2,6,14.285714285714,2,1657180303238,1657180234194,1657180329430,false,695,1657180240435,-98.571428571429
2,13,123,3,3,620,730,0,0,1657180330,1657180354,1657180365,35,11,4,5,15.068493150685,2,1657180335866,1657180234194,1657180364602,false,695,1657180240435,4.7945205479452
2,14,21,3,3,1015,810,0,0,1657180365,1657180382,1657180395,30,13,3,4,25.308641975309,2,1657180367777,1657180391046,1657180364602,true,900,1657180395024,-11.111111111111
2,15,201,3,3,1010,1200,0,0,1657180395,1657180453,1657180469,74,16,2,5,15.833333333333,2,1657180401264,1657180459820,1657180364602,true,1090,1657180468343,9.1666666666667
2,16,195,3,3,1260,1600,0,0,1657180469,1657180491,1657180500,31,9,2,3,21.25,2,1657180474652,1657180459820,1657180500142,false,1090,1657180468343,31.875
2,17,105,3,3,715,790,0,0,1657180500,1657180540,1657180557,57,17,2,3,9.493670886076,2,1657180511509,1657180459820,1657180556708,false,1090,1657180468343,-37.974683544304
2,18,6,3,3,485,590,0,0,1657180557,1657180570,1657180577,20,7,4,3,17.796610169492,2,1657180561104,1657180459820,1657180576775,false,1090,1657180468343,-84.745762711864
2,19,75,3,3,1010,860,0,0,1657180577,1657180601,1657180617,40,16,4,2,17.441860465116,2,1657180581489,1657180613074,1657180576775,true,950,1657180616981,-10.46511627907
2,20,181,3,3,720,880,0,0,1657180617,1657180667,1657180677,60,10,3,5,18.181818181818,2,1657180621486,1657180613074,1657180676772,false,950,1657180616981,-7.9545454545455
2,21,159,3,3,805,740,0,0,1657180677,1657180690,1657180694,17,4,2,6,8.7837837837838,2,1657180679441,1657180613074,1657180694335,false,950,1657180616981,-28.378378378378
2,22,89,3,3,775,810,0,0,1657180695,1657180743,1657180749,54,6,1,6,4.320987654321,4,1657180702573,1657180613074,1657180748033,false,950,1657180616981,-17.283950617284
2,23,96,3,3,765,840,0,0,1657180749,1657180768,1657180774,25,6,1,5,8.9285714285714,4,1657180751704,1657180613074,1657180773279,false,950,1657180616981,-13.095238095238
2,24,63,3,3,1175,950,0,0,1657180774,1657180783,1657180804,30,21,4,6,23.684210526316,4,1657180777212,1657180797133,1657180773279,true,1050,1657180803388,-10.526315789474
2,25,86,3,3,875,1000,0,0,1657180804,1657180827,1657180835,31,8,4,4,12.5,4,1657180808153,1657180797133,1657180834951,false,1050,1657180803388,-5
2,26,114,3,3,1090,900,0,0,1657180835,1657180846,1657180859,24,13,3,3,21.111111111111,4,1657180838080,1657180854733,1657180834951,true,960,1657180858685,-6.6666666666667
2,27,158,3,3,820,900,0,0,1657180859,1657180890,1657180896,37,6,2,3,8.8888888888889,4,1657180870920,1657180854733,1657180895784,false,960,1657180858685,-6.6666666666667
2,28,109,3,3,815,860,0,0,1657180896,1657180947,1657180955,59,8,2,3,5.2325581395349,4,1657180899896,1657180854733,1657180954810,false,960,1657180858685,-11.627906976744
2,29,58,3,3,530,540,0,0,1657180955,1657180968,1657180973,18,5,3,2,1.8518518518519,4,1657180957058,1657180854733,1657180972111,false,960,1657180858685,-77.777777777778
