trial,user_id,order,condition
0,0,"[41, 8, 163, 3, 170, 147, 139, 19, 192, 106, 10, 152, 98, 45, 64, 86, 58, 137, 157, 175, 44, 120, 75, 4, 122, 181, 119, 105, 196, 32, 155, 167, 197, 28, 100, 110, 36, 107, 124, 65, 114, 36, 187, 195, 117, 107, 40, 130, 5, 176, 104, 29, 164, 72, 136, 84, 60, 156, 62, 56, 129, 110, 146, 113, 144, 34, 33, 115, 63, 167]",3
1,1,"[105, 41, 175, 75, 163, 58, 196, 137, 10, 64, 45, 32, 106, 44, 119, 19, 4, 98, 86, 192, 152, 147, 170, 181, 139, 3, 120, 157, 122, 8, 167, 100, 110, 65, 155, 197, 107, 28, 124, 36, 33, 40, 34, 167, 72, 117, 144, 56, 36, 164, 176, 110, 113, 63, 60, 114, 62, 156, 107, 115, 104, 130, 136, 29, 187, 129, 5, 146, 195, 84]",3
2,2,"[3, 163, 32, 4, 192, 170, 122, 119, 44, 196, 86, 120, 147, 58, 139, 75, 106, 41, 10, 105, 175, 152, 45, 19, 64, 181, 8, 137, 98, 157, 107, 28, 65, 155, 124, 167, 36, 100, 110, 197, 164, 60, 40, 84, 146, 29, 104, 107, 110, 56, 117, 33, 136, 63, 72, 167, 114, 113, 115, 129, 176, 34, 62, 36, 144, 156, 130, 187, 5, 195]",3
3,3,"[32, 163, 137, 139, 45, 181, 105, 3, 196, 147, 10, 192, 170, 41, 4, 152, 157, 120, 58, 175, 75, 19, 106, 44, 86, 119, 98, 8, 64, 122, 110, 155, 167, 65, 107, 197, 36, 28, 100, 124, 176, 36, 107, 40, 156, 104, 60, 115, 33, 164, 113, 63, 129, 146, 34, 5, 72, 187, 114, 195, 136, 29, 62, 84, 130, 117, 144, 110, 167, 56]",3
4,4,"[106, 192, 41, 122, 8, 139, 170, 119, 64, 58, 3, 45, 32, 152, 147, 10, 163, 4, 175, 181, 86, 137, 105, 44, 196, 75, 98, 120, 157, 19, 107, 197, 110, 100, 28, 36, 155, 124, 167, 65, 114, 36, 113, 167, 63, 144, 136, 110, 107, 62, 29, 117, 34, 56, 129, 146, 130, 195, 84, 104, 40, 72, 60, 115, 5, 156, 33, 164, 187, 176]",3
5,5,"[170, 45, 139, 119, 152, 64, 122, 120, 106, 4, 163, 44, 196, 137, 175, 19, 10, 181, 75, 86, 192, 41, 32, 98, 58, 147, 157, 105, 3, 8, 65, 36, 124, 167, 100, 28, 110, 197, 155, 107, 107, 84, 34, 117, 176, 167, 187, 164, 5, 63, 72, 62, 195, 146, 129, 104, 33, 56, 115, 130, 40, 29, 113, 114, 136, 110, 156, 144, 60, 36]",3
6,6,"[139, 120, 196, 45, 137, 32, 44, 122, 98, 170, 181, 58, 147, 192, 105, 3, 8, 119, 19, 152, 4, 41, 86, 75, 106, 175, 163, 64, 10, 157, 36, 110, 100, 65, 155, 107, 167, 197, 124, 28, 117, 40, 129, 115, 146, 187, 167, 5, 56, 63, 136, 195, 130, 113, 62, 114, 110, 104, 164, 156, 36, 34, 72, 84, 29, 60, 107, 176, 144, 33]",3
7,7,"[10, 137, 4, 139, 120, 75, 192, 3, 98, 181, 157, 41, 196, 105, 163, 44, 147, 170, 86, 32, 175, 119, 8, 58, 122, 106, 152, 45, 19, 64, 155, 36, 124, 28, 107, 100, 197, 167, 110, 65, 29, 33, 5, 40, 176, 110, 60, 156, 63, 136, 130, 167, 114, 56, 146, 107, 187, 36, 113, 104, 164, 115, 84, 34, 62, 195, 117, 129, 72, 144]",3
8,8,"[58, 137, 106, 44, 147, 32, 163, 41, 181, 105, 19, 196, 8, 64, 152, 75, 86, 119, 157, 192, 139, 170, 4, 98, 10, 3, 122, 120, 175, 45, 167, 100, 107, 197, 36, 155, 65, 110, 28, 124, 187, 129, 176, 72, 40, 117, 144, 33, 167, 110, 136, 114, 107, 5, 156, 62, 146, 60, 84, 113, 104, 34, 29, 130, 195, 56, 164, 36, 63, 115]",3
9,9,"[58, 192, 3, 75, 64, 181, 86, 106, 45, 163, 8, 139, 44, 196, 170, 98, 122, 4, 10, 32, 105, 157, 137, 147, 175, 120, 41, 119, 19, 152, 100, 197, 36, 110, 65, 124, 155, 107, 167, 28, 195, 129, 117, 56, 136, 113, 130, 187, 146, 72, 62, 176, 40, 33, 60, 104, 110, 84, 144, 164, 34, 29, 156, 5, 115, 167, 63, 107, 36, 114]",3
10,10,"[192, 105, 19, 122, 163, 44, 41, 98, 120, 119, 137, 3, 45, 64, 10, 8, 58, 139, 75, 86, 4, 147, 196, 181, 157, 152, 106, 175, 170, 32, 28, 124, 107, 100, 197, 155, 36, 167, 65, 110, 36, 84, 5, 110, 187, 176, 113, 104, 72, 146, 114, 34, 164, 40, 156, 167, 29, 62, 115, 56, 60, 33, 107, 130, 136, 144, 129, 195, 63, 117]",3
11,11,"[163, 10, 3, 196, 122, 119, 19, 105, 58, 44, 192, 45, 181, 139, 4, 175, 32, 98, 86, 41, 75, 147, 152, 170, 157, 8, 106, 64, 137, 120, 107, 124, 100, 167, 65, 197, 36, 28, 110, 155, 5, 195, 62, 129, 107, 36, 176, 136, 187, 84, 110, 164, 115, 114, 117, 146, 113, 40, 60, 156, 33, 72, 130, 144, 63, 56, 167, 104, 34, 29]",3
12,12,"[170, 120, 181, 41, 137, 139, 64, 98, 44, 106, 175, 10, 196, 8, 45, 163, 32, 152, 105, 119, 75, 192, 4, 58, 157, 122, 3, 19, 147, 86, 36, 124, 100, 167, 28, 197, 110, 65, 155, 107, 115, 146, 167, 136, 33, 130, 62, 110, 187, 164, 113, 104, 5, 176, 40, 156, 56, 60, 117, 72, 36, 107, 114, 34, 29, 144, 84, 195, 129, 63]",3
13,13,"[41, 10, 152, 163, 157, 147, 106, 181, 170, 98, 86, 120, 105, 32, 139, 119, 122, 196, 58, 75, 4, 19, 3, 44, 64, 175, 137, 192, 8, 45, 197, 110, 124, 36, 100, 167, 107, 65, 155, 28, 144, 156, 33, 167, 195, 113, 187, 63, 34, 110, 5, 136, 117, 115, 36, 107, 146, 56, 130, 84, 104, 29, 164, 62, 176, 129, 114, 40, 60, 72]",3
14,14,"[106, 86, 122, 10, 4, 152, 64, 181, 105, 8, 163, 119, 32, 170, 41, 120, 196, 139, 137, 147, 58, 98, 175, 157, 19, 45, 75, 3, 192, 44, 110, 36, 167, 124, 107, 65, 28, 100, 197, 155, 56, 5, 107, 164, 117, 146, 110, 63, 113, 136, 130, 62, 176, 187, 104, 114, 144, 156, 129, 29, 72, 167, 60, 40, 84, 195, 33, 115, 34, 36]",3
15,15,"[58, 3, 105, 8, 119, 139, 137, 163, 106, 41, 157, 4, 175, 120, 64, 86, 147, 19, 45, 170, 192, 98, 10, 196, 44, 32, 181, 152, 75, 122, 36, 28, 65, 167, 107, 197, 110, 155, 100, 124, 107, 144, 36, 176, 164, 187, 56, 40, 62, 5, 195, 117, 60, 136, 167, 113, 104, 156, 72, 110, 114, 33, 29, 34, 84, 129, 146, 130, 115, 63]",3
16,16,"[163, 137, 139, 19, 120, 64, 192, 98, 157, 175, 32, 44, 196, 122, 4, 58, 170, 181, 41, 45, 106, 10, 3, 105, 147, 75, 119, 86, 8, 152, 167, 107, 36, 100, 28, 110, 197, 65, 155, 124, 60, 114, 84, 129, 195, 104, 146, 40, 56, 36, 130, 144, 113, 107, 63, 187, 164, 29, 72, 62, 136, 110, 5, 167, 156, 117, 176, 34, 115, 33]",3
17,17,"[192, 98, 8, 163, 86, 120, 119, 4, 147, 137, 105, 19, 32, 157, 106, 44, 64, 181, 58, 10, 196, 41, 175, 122, 75, 3, 152, 170, 139, 45, 28, 107, 36, 65, 124, 155, 110, 197, 100, 167, 72, 34, 167, 130, 60, 36, 156, 110, 129, 40, 29, 115, 107, 136, 164, 187, 144, 113, 195, 84, 176, 63, 104, 56, 114, 62, 5, 117, 33, 146]",3
18,18,"[122, 86, 98, 45, 75, 3, 105, 120, 44, 106, 152, 196, 175, 163, 137, 139, 41, 32, 8, 10, 157, 4, 119, 58, 170, 181, 192, 147, 64, 19, 110, 124, 197, 100, 36, 167, 28, 107, 155, 65, 146, 114, 110, 117, 5, 156, 84, 164, 115, 195, 60, 176, 113, 72, 167, 33, 104, 129, 136, 130, 34, 144, 29, 40, 107, 62, 63, 36, 187, 56]",3
19,19,"[44, 137, 175, 119, 8, 139, 122, 152, 64, 157, 105, 58, 86, 147, 45, 196, 19, 163, 181, 192, 75, 10, 32, 41, 120, 4, 106, 3, 98, 170, 107, 155, 36, 28, 100, 124, 167, 110, 197, 65, 146, 187, 34, 136, 114, 72, 60, 167, 62, 144, 110, 5, 129, 36, 56, 107, 176, 115, 130, 40, 156, 84, 117, 63, 195, 113, 29, 164, 33, 104]",3
20,20,"[64, 86, 192, 157, 181, 75, 4, 58, 32, 147, 3, 122, 137, 163, 152, 139, 44, 45, 98, 196, 120, 10, 8, 119, 19, 175, 105, 41, 106, 170, 36, 28, 167, 155, 107, 100, 110, 65, 197, 124, 110, 117, 72, 63, 113, 5, 156, 187, 136, 56, 164, 129, 62, 60, 84, 107, 33, 104, 144, 176, 130, 115, 40, 167, 34, 195, 36, 29, 146, 114]",3
21,21,"[192, 139, 163, 105, 19, 137, 147, 8, 170, 44, 41, 45, 120, 10, 75, 3, 86, 58, 4, 32, 106, 152, 175, 122, 181, 98, 119, 64, 196, 157, 167, 65, 100, 36, 110, 197, 124, 107, 28, 155, 176, 156, 84, 146, 136, 195, 29, 167, 60, 34, 72, 114, 113, 63, 40, 5, 56, 130, 164, 129, 33, 107, 117, 36, 144, 104, 110, 62, 187, 115]",3
22,22,"[163, 196, 3, 175, 157, 64, 106, 32, 147, 45, 181, 75, 19, 8, 139, 44, 4, 10, 137, 41, 152, 86, 98, 192, 120, 58, 122, 105, 170, 119, 124, 100, 28, 155, 65, 167, 107, 36, 110, 197, 110, 60, 144, 33, 167, 187, 63, 130, 176, 72, 195, 113, 29, 56, 104, 146, 164, 129, 84, 114, 107, 40, 5, 115, 36, 156, 62, 136, 34, 117]",3
23,23,"[10, 98, 45, 137, 152, 122, 58, 4, 119, 175, 147, 19, 181, 8, 105, 3, 157, 75, 32, 64, 44, 139, 163, 86, 192, 41, 196, 170, 120, 106, 107, 36, 155, 197, 28, 167, 124, 100, 110, 65, 187, 107, 114, 60, 84, 104, 130, 113, 62, 40, 117, 146, 144, 34, 195, 110, 29, 63, 129, 164, 176, 33, 136, 167, 56, 115, 72, 36, 5, 156]",3
24,24,"[10, 119, 192, 64, 157, 41, 137, 106, 75, 152, 139, 8, 105, 196, 120, 44, 86, 175, 147, 45, 181, 19, 122, 170, 58, 98, 32, 4, 163, 3, 100, 28, 36, 197, 65, 155, 107, 124, 110, 167, 176, 72, 107, 156, 117, 115, 195, 84, 104, 167, 146, 34, 40, 29, 33, 36, 129, 56, 114, 60, 113, 136, 5, 187, 110, 130, 164, 62, 63, 144]",3
25,25,"[19, 152, 44, 41, 64, 192, 181, 175, 8, 122, 119, 75, 147, 3, 45, 10, 163, 120, 32, 106, 196, 4, 170, 58, 157, 139, 86, 137, 105, 98, 65, 107, 100, 110, 197, 167, 124, 36, 28, 155, 114, 164, 63, 167, 72, 113, 187, 176, 107, 136, 62, 40, 115, 130, 117, 84, 5, 29, 60, 104, 34, 110, 36, 129, 56, 146, 195, 144, 156, 33]",3
26,26,"[120, 4, 19, 175, 192, 41, 119, 86, 139, 45, 170, 58, 196, 75, 8, 10, 64, 122, 163, 44, 152, 105, 106, 181, 147, 98, 32, 137, 3, 157, 197, 107, 110, 124, 36, 167, 65, 100, 28, 155, 110, 5, 136, 113, 115, 104, 195, 130, 114, 33, 62, 164, 72, 176, 144, 36, 29, 187, 167, 56, 117, 107, 40, 156, 146, 84, 34, 63, 129, 60]",3
27,27,"[120, 122, 119, 163, 86, 45, 41, 4, 105, 196, 181, 192, 157, 147, 137, 58, 3, 152, 98, 139, 170, 10, 44, 8, 32, 64, 175, 19, 106, 75, 36, 107, 167, 197, 100, 28, 155, 124, 65, 110, 146, 56, 107, 60, 104, 5, 29, 62, 195, 33, 113, 36, 164, 187, 72, 110, 156, 136, 129, 115, 167, 84, 130, 117, 34, 40, 63, 176, 144, 114]",3
28,28,"[137, 157, 3, 120, 98, 45, 170, 105, 44, 86, 32, 64, 4, 139, 41, 147, 196, 8, 175, 163, 10, 75, 122, 181, 192, 58, 106, 152, 19, 119, 167, 65, 197, 36, 100, 28, 124, 155, 107, 110, 40, 29, 113, 5, 36, 156, 187, 104, 63, 34, 176, 115, 146, 129, 84, 107, 72, 117, 110, 167, 136, 114, 56, 60, 164, 33, 130, 144, 62, 195]",3
29,29,"[120, 32, 19, 3, 98, 106, 163, 44, 192, 181, 170, 10, 58, 64, 196, 175, 75, 137, 4, 105, 147, 45, 139, 157, 122, 119, 8, 41, 86, 152, 124, 65, 197, 36, 155, 28, 107, 110, 167, 100, 129, 164, 146, 117, 136, 33, 176, 63, 84, 104, 114, 62, 113, 107, 72, 156, 56, 36, 34, 144, 130, 187, 115, 167, 29, 60, 5, 110, 40, 195]",3
30,30,"[32, 137, 152, 3, 120, 4, 157, 147, 192, 86, 163, 175, 64, 10, 170, 181, 44, 196, 122, 58, 98, 45, 106, 119, 105, 19, 75, 139, 41, 8, 107, 100, 28, 65, 155, 110, 197, 167, 36, 124, 34, 167, 36, 84, 72, 115, 110, 5, 33, 144, 146, 195, 164, 129, 117, 104, 136, 176, 107, 113, 156, 63, 62, 40, 56, 114, 60, 29, 130, 187]",3
31,31,"[181, 44, 163, 170, 86, 19, 4, 105, 10, 175, 98, 122, 45, 3, 32, 75, 64, 8, 106, 196, 157, 192, 119, 120, 152, 137, 147, 41, 58, 139, 100, 124, 36, 65, 110, 197, 167, 28, 155, 107, 60, 144, 36, 129, 34, 146, 84, 117, 176, 195, 130, 164, 167, 40, 113, 33, 110, 72, 5, 187, 136, 63, 62, 56, 104, 107, 115, 29, 114, 156]",3
32,32,"[157, 137, 196, 10, 163, 98, 170, 152, 8, 75, 175, 120, 139, 106, 119, 4, 32, 147, 58, 45, 192, 3, 181, 64, 105, 19, 44, 86, 122, 41, 107, 36, 155, 124, 28, 167, 197, 110, 100, 65, 56, 164, 114, 195, 130, 40, 136, 144, 104, 129, 113, 29, 84, 117, 63, 187, 110, 62, 36, 156, 60, 176, 107, 33, 5, 34, 146, 72, 167, 115]",3
33,33,"[32, 120, 163, 105, 44, 3, 64, 45, 10, 75, 58, 147, 19, 8, 196, 41, 98, 122, 170, 181, 106, 192, 139, 86, 152, 119, 175, 137, 157, 4, 36, 65, 107, 124, 155, 197, 167, 28, 100, 110, 156, 167, 136, 187, 176, 34, 144, 113, 195, 63, 84, 115, 60, 56, 146, 40, 72, 110, 29, 129, 114, 107, 117, 36, 62, 104, 33, 130, 164, 5]",3
34,34,"[8, 157, 170, 139, 45, 163, 19, 196, 120, 10, 122, 4, 58, 64, 192, 137, 41, 3, 175, 147, 119, 75, 181, 32, 152, 105, 98, 86, 44, 106, 155, 167, 65, 28, 124, 197, 110, 100, 36, 107, 176, 84, 130, 107, 36, 187, 136, 167, 56, 5, 72, 129, 63, 164, 117, 104, 60, 110, 114, 156, 146, 34, 144, 62, 29, 115, 40, 113, 195, 33]",3
35,35,"[181, 137, 105, 196, 44, 10, 58, 45, 139, 119, 98, 163, 86, 75, 120, 64, 192, 152, 4, 122, 8, 170, 157, 41, 175, 32, 147, 106, 3, 19, 110, 197, 65, 28, 124, 167, 36, 100, 107, 155, 114, 144, 107, 29, 104, 110, 117, 33, 115, 72, 36, 113, 60, 136, 156, 5, 146, 56, 62, 34, 129, 176, 164, 130, 195, 84, 63, 167, 40, 187]",3
36,36,"[163, 86, 105, 137, 41, 44, 98, 10, 75, 122, 147, 139, 58, 181, 106, 152, 196, 120, 175, 170, 19, 3, 119, 32, 157, 8, 192, 4, 45, 64, 28, 124, 36, 110, 167, 155, 107, 100, 197, 65, 115, 130, 117, 33, 195, 5, 104, 63, 176, 164, 156, 107, 167, 40, 62, 114, 146, 56, 110, 29, 36, 187, 34, 113, 144, 72, 136, 60, 84, 129]",3
37,37,"[86, 3, 170, 105, 196, 10, 175, 64, 41, 32, 181, 147, 119, 44, 98, 4, 163, 58, 137, 106, 120, 152, 139, 8, 75, 45, 192, 157, 19, 122, 167, 197, 100, 124, 107, 110, 28, 155, 36, 65, 176, 60, 195, 114, 164, 56, 104, 34, 5, 84, 107, 40, 113, 33, 130, 129, 144, 117, 146, 187, 72, 156, 136, 36, 63, 110, 115, 62, 29, 167]",3
38,38,"[152, 19, 119, 4, 41, 86, 45, 105, 120, 106, 8, 75, 175, 137, 58, 196, 122, 192, 181, 163, 139, 10, 32, 64, 157, 147, 3, 44, 170, 98, 197, 124, 110, 28, 36, 100, 65, 167, 155, 107, 84, 107, 176, 56, 62, 195, 72, 130, 144, 113, 60, 36, 115, 129, 167, 117, 63, 156, 33, 136, 34, 187, 164, 146, 40, 5, 104, 29, 110, 114]",3
39,39,"[98, 139, 106, 32, 119, 122, 19, 8, 86, 196, 44, 120, 170, 58, 10, 4, 163, 192, 181, 157, 137, 45, 147, 152, 175, 3, 105, 75, 41, 64, 107, 155, 100, 65, 110, 36, 28, 197, 124, 167, 136, 63, 167, 60, 5, 195, 33, 176, 56, 146, 107, 34, 36, 110, 129, 104, 156, 113, 72, 114, 115, 62, 29, 164, 144, 40, 117, 84, 187, 130]",3
40,40,"[181, 147, 10, 45, 32, 152, 137, 175, 3, 105, 163, 4, 44, 19, 157, 58, 75, 139, 196, 64, 120, 8, 98, 119, 170, 106, 41, 122, 192, 86, 167, 36, 110, 197, 100, 65, 28, 155, 124, 107, 34, 107, 40, 29, 136, 113, 195, 33, 36, 72, 144, 84, 117, 60, 176, 56, 156, 63, 187, 164, 62, 146, 110, 115, 104, 114, 130, 5, 167, 129]",3
41,41,"[58, 120, 4, 147, 98, 119, 192, 41, 3, 8, 175, 170, 157, 163, 10, 86, 181, 152, 196, 44, 137, 106, 139, 105, 19, 64, 75, 122, 45, 32, 28, 155, 167, 110, 100, 65, 107, 36, 124, 197, 156, 164, 33, 113, 110, 136, 40, 130, 144, 63, 146, 72, 115, 117, 176, 114, 107, 36, 187, 195, 29, 62, 167, 104, 34, 60, 84, 5, 56, 129]",3
42,42,"[44, 58, 152, 98, 19, 139, 3, 86, 75, 181, 137, 122, 8, 45, 119, 120, 163, 10, 170, 41, 157, 106, 192, 196, 32, 175, 147, 64, 4, 105, 110, 107, 100, 155, 167, 197, 28, 124, 65, 36, 107, 104, 84, 117, 115, 110, 176, 56, 164, 36, 5, 62, 72, 136, 130, 195, 167, 129, 156, 40, 34, 114, 144, 187, 29, 33, 63, 113, 60, 146]",3
43,43,"[4, 170, 75, 152, 86, 98, 157, 44, 19, 181, 139, 45, 192, 137, 32, 10, 163, 106, 196, 120, 58, 41, 3, 119, 8, 147, 105, 122, 64, 175, 65, 107, 155, 197, 110, 124, 167, 100, 28, 36, 36, 107, 136, 144, 63, 56, 84, 129, 187, 104, 29, 62, 167, 164, 33, 60, 146, 130, 115, 195, 176, 72, 156, 5, 117, 110, 40, 114, 34, 113]",3
44,44,"[86, 139, 175, 45, 3, 58, 152, 170, 120, 10, 147, 196, 181, 106, 41, 4, 163, 157, 19, 137, 32, 98, 105, 192, 64, 44, 119, 8, 122, 75, 155, 28, 124, 36, 167, 110, 65, 107, 197, 100, 136, 187, 115, 114, 117, 167, 146, 164, 130, 34, 29, 56, 63, 104, 60, 62, 113, 84, 33, 72, 110, 176, 144, 107, 5, 129, 36, 195, 40, 156]",3
45,45,"[120, 105, 44, 32, 45, 147, 58, 10, 170, 75, 119, 139, 4, 41, 86, 196, 19, 106, 175, 98, 137, 163, 152, 8, 192, 157, 3, 64, 181, 122, 100, 167, 107, 124, 197, 65, 155, 28, 110, 36, 56, 63, 144, 176, 117, 62, 60, 104, 36, 113, 146, 129, 164, 187, 110, 115, 114, 130, 72, 29, 34, 156, 5, 136, 167, 40, 107, 195, 84, 33]",3
46,46,"[139, 170, 122, 41, 120, 175, 3, 163, 137, 192, 157, 45, 44, 105, 152, 32, 196, 86, 119, 181, 98, 19, 64, 8, 4, 147, 75, 106, 58, 10, 100, 65, 110, 107, 155, 197, 28, 36, 124, 167, 56, 40, 117, 34, 104, 187, 167, 72, 129, 36, 84, 164, 195, 63, 113, 114, 5, 156, 33, 115, 107, 136, 146, 176, 110, 60, 29, 62, 144, 130]",3
47,47,"[58, 192, 122, 98, 157, 45, 41, 3, 147, 119, 137, 139, 44, 75, 181, 196, 64, 10, 120, 106, 170, 8, 152, 19, 86, 175, 4, 32, 105, 163, 100, 197, 36, 107, 167, 65, 110, 155, 124, 28, 114, 110, 136, 104, 195, 40, 56, 164, 146, 130, 176, 5, 113, 60, 144, 62, 107, 167, 129, 117, 34, 187, 156, 63, 72, 84, 29, 36, 115, 33]",3
48,48,"[19, 163, 196, 58, 137, 147, 192, 170, 45, 119, 3, 181, 122, 44, 152, 86, 75, 120, 8, 139, 4, 175, 106, 98, 64, 105, 32, 10, 41, 157, 197, 100, 65, 36, 107, 167, 28, 124, 155, 110, 113, 5, 136, 104, 114, 167, 62, 110, 72, 146, 84, 176, 195, 164, 129, 36, 33, 130, 107, 187, 144, 156, 60, 29, 63, 40, 117, 115, 56, 34]",3
49,49,"[139, 98, 157, 196, 120, 64, 152, 147, 181, 3, 175, 192, 58, 163, 75, 137, 106, 4, 44, 119, 41, 19, 122, 10, 105, 45, 170, 32, 86, 8, 65, 28, 110, 100, 167, 197, 155, 36, 124, 107, 34, 115, 176, 29, 33, 63, 40, 195, 60, 110, 144, 113, 107, 62, 129, 156, 117, 136, 164, 167, 130, 104, 5, 36, 187, 84, 72, 56, 146, 114]",3
50,50,"[44, 196, 152, 122, 163, 120, 8, 157, 75, 64, 41, 10, 32, 181, 119, 86, 175, 139, 58, 137, 98, 170, 147, 192, 45, 105, 3, 106, 4, 19, 36, 155, 124, 100, 167, 65, 197, 28, 110, 107, 40, 115, 62, 107, 72, 56, 104, 113, 156, 5, 144, 117, 130, 187, 146, 36, 110, 136, 33, 60, 34, 164, 84, 129, 63, 195, 176, 167, 114, 29]",3
51,51,"[196, 157, 163, 122, 105, 119, 152, 45, 86, 170, 75, 44, 58, 19, 32, 10, 41, 3, 4, 8, 98, 106, 147, 192, 137, 120, 139, 64, 181, 175, 124, 100, 197, 36, 65, 107, 110, 155, 167, 28, 104, 29, 107, 144, 113, 130, 115, 146, 36, 176, 33, 5, 187, 62, 167, 164, 40, 136, 60, 156, 72, 56, 63, 34, 84, 114, 129, 117, 195, 110]",3
52,52,"[175, 137, 86, 58, 120, 44, 4, 105, 170, 75, 10, 152, 139, 196, 3, 19, 64, 45, 8, 122, 106, 163, 41, 32, 119, 192, 147, 181, 157, 98, 155, 197, 65, 28, 124, 107, 36, 110, 100, 167, 129, 115, 176, 167, 56, 62, 113, 164, 136, 84, 110, 144, 156, 130, 34, 5, 36, 107, 40, 114, 117, 104, 195, 72, 29, 63, 187, 60, 146, 33]",3
53,53,"[4, 120, 170, 19, 152, 192, 75, 8, 175, 32, 45, 137, 58, 86, 163, 157, 41, 139, 10, 106, 64, 181, 196, 147, 3, 122, 44, 119, 105, 98, 110, 124, 36, 167, 155, 100, 197, 107, 28, 65, 164, 33, 5, 144, 34, 146, 115, 107, 156, 136, 187, 56, 195, 36, 29, 110, 167, 40, 104, 84, 129, 117, 176, 63, 130, 113, 114, 60, 72, 62]",3
54,54,"[75, 192, 3, 19, 106, 86, 98, 119, 45, 41, 163, 105, 181, 147, 58, 10, 175, 4, 64, 196, 152, 139, 170, 32, 137, 157, 122, 8, 44, 120, 36, 197, 100, 167, 28, 155, 65, 124, 110, 107, 146, 110, 167, 34, 176, 29, 107, 156, 72, 129, 60, 114, 56, 187, 136, 115, 63, 84, 40, 33, 113, 104, 117, 130, 195, 36, 144, 5, 164, 62]",3
55,55,"[32, 120, 64, 192, 86, 137, 157, 3, 181, 170, 163, 19, 106, 147, 119, 175, 41, 4, 75, 45, 196, 98, 152, 139, 105, 44, 8, 10, 122, 58, 107, 65, 124, 197, 100, 110, 167, 36, 28, 155, 187, 56, 5, 36, 130, 176, 40, 156, 60, 144, 115, 167, 117, 146, 129, 104, 84, 63, 72, 113, 34, 62, 164, 33, 29, 110, 107, 136, 195, 114]",3
56,56,"[192, 196, 175, 170, 120, 157, 86, 19, 64, 147, 75, 3, 106, 152, 8, 105, 45, 41, 139, 44, 163, 32, 119, 122, 4, 10, 137, 98, 181, 58, 197, 155, 124, 110, 65, 28, 36, 107, 167, 100, 113, 144, 167, 164, 72, 146, 104, 56, 156, 33, 115, 195, 136, 84, 5, 60, 29, 40, 117, 63, 187, 62, 107, 129, 34, 114, 110, 130, 176, 36]",3
57,57,"[175, 8, 157, 147, 196, 58, 86, 152, 64, 192, 106, 3, 163, 10, 170, 98, 75, 32, 120, 181, 44, 119, 45, 19, 41, 122, 105, 137, 139, 4, 36, 124, 155, 28, 107, 110, 100, 197, 65, 167, 113, 40, 107, 144, 36, 62, 56, 34, 5, 130, 164, 29, 136, 156, 72, 146, 115, 195, 104, 60, 63, 33, 176, 167, 114, 117, 187, 129, 110, 84]",3
58,58,"[170, 32, 163, 152, 147, 44, 120, 105, 196, 58, 139, 86, 3, 4, 8, 181, 106, 64, 19, 45, 119, 175, 122, 41, 98, 75, 137, 10, 157, 192, 65, 36, 197, 28, 107, 110, 167, 100, 124, 155, 129, 60, 56, 40, 187, 62, 107, 114, 144, 167, 176, 113, 5, 36, 156, 84, 130, 72, 34, 195, 104, 63, 117, 33, 164, 146, 136, 110, 115, 29]",3
59,59,"[3, 192, 10, 170, 58, 139, 86, 44, 119, 41, 120, 181, 163, 8, 105, 32, 75, 137, 45, 122, 152, 19, 196, 98, 106, 157, 147, 175, 4, 64, 107, 65, 100, 28, 155, 36, 167, 197, 110, 124, 136, 84, 164, 187, 156, 117, 104, 195, 34, 60, 130, 115, 56, 33, 167, 114, 107, 62, 5, 129, 40, 36, 72, 176, 110, 63, 29, 144, 113, 146]",3
60,60,"[137, 4, 98, 139, 10, 19, 64, 170, 120, 157, 45, 152, 147, 86, 75, 41, 175, 8, 196, 192, 119, 44, 3, 181, 106, 122, 105, 163, 58, 32, 197, 107, 155, 36, 167, 28, 65, 110, 124, 100, 144, 114, 113, 129, 195, 72, 34, 84, 29, 156, 167, 40, 56, 104, 36, 176, 146, 115, 63, 187, 33, 60, 164, 5, 62, 107, 130, 110, 136, 117]",3
61,61,"[58, 170, 44, 152, 64, 98, 41, 3, 4, 105, 8, 137, 10, 163, 32, 139, 45, 122, 147, 19, 75, 175, 119, 157, 181, 86, 196, 192, 106, 120, 155, 100, 110, 197, 167, 124, 28, 36, 65, 107, 29, 187, 36, 144, 115, 114, 113, 104, 195, 60, 167, 164, 176, 5, 156, 72, 136, 110, 62, 40, 146, 107, 84, 56, 130, 129, 33, 63, 34, 117]",3
62,62,"[3, 122, 19, 8, 119, 105, 137, 10, 152, 147, 181, 157, 106, 64, 32, 41, 139, 75, 120, 44, 45, 86, 58, 192, 196, 163, 4, 98, 170, 175, 28, 100, 124, 65, 36, 167, 107, 197, 110, 155, 62, 156, 167, 115, 113, 60, 33, 164, 104, 36, 195, 114, 117, 136, 107, 187, 129, 144, 34, 29, 56, 146, 5, 40, 63, 72, 84, 130, 110, 176]",3
63,63,"[10, 196, 106, 4, 119, 137, 64, 58, 120, 41, 192, 75, 152, 45, 3, 86, 181, 32, 157, 175, 122, 139, 147, 19, 163, 8, 44, 105, 98, 170, 197, 65, 100, 155, 110, 107, 124, 28, 36, 167, 104, 187, 136, 117, 29, 34, 156, 195, 144, 113, 60, 129, 146, 130, 56, 164, 167, 114, 107, 115, 5, 110, 176, 40, 63, 72, 36, 62, 84, 33]",3
64,64,"[19, 105, 119, 170, 139, 122, 64, 4, 32, 41, 106, 196, 86, 192, 157, 10, 44, 75, 175, 120, 181, 152, 137, 45, 147, 163, 3, 58, 98, 8, 28, 36, 167, 124, 155, 100, 65, 107, 110, 197, 29, 115, 146, 110, 72, 156, 117, 34, 104, 33, 167, 56, 195, 129, 63, 130, 136, 36, 187, 164, 60, 114, 5, 176, 40, 113, 62, 144, 107, 84]",3
65,65,"[170, 19, 120, 4, 157, 41, 44, 139, 137, 86, 163, 192, 45, 106, 98, 196, 3, 119, 75, 122, 10, 32, 152, 181, 58, 64, 8, 105, 147, 175, 124, 167, 107, 197, 110, 28, 36, 100, 155, 65, 187, 156, 33, 60, 34, 63, 146, 167, 104, 136, 5, 29, 40, 176, 114, 36, 56, 195, 129, 130, 113, 117, 144, 164, 72, 84, 115, 107, 110, 62]",3
66,66,"[19, 192, 120, 157, 10, 163, 98, 175, 170, 44, 106, 32, 64, 139, 45, 8, 3, 75, 119, 152, 41, 181, 196, 137, 86, 105, 4, 58, 122, 147, 36, 28, 110, 197, 107, 124, 167, 155, 100, 65, 146, 63, 104, 176, 164, 29, 114, 107, 136, 84, 72, 110, 167, 33, 195, 115, 117, 36, 60, 156, 144, 187, 62, 56, 113, 129, 34, 5, 130, 40]",3
67,67,"[8, 19, 58, 170, 147, 152, 64, 44, 106, 137, 157, 32, 122, 75, 181, 41, 4, 3, 192, 45, 98, 196, 119, 105, 86, 163, 120, 10, 175, 139, 65, 36, 124, 107, 167, 155, 100, 28, 110, 197, 146, 144, 114, 33, 113, 187, 164, 63, 72, 104, 110, 29, 129, 117, 34, 60, 176, 136, 115, 56, 130, 36, 62, 40, 84, 156, 167, 195, 107, 5]",3
68,68,"[4, 8, 139, 75, 196, 119, 137, 157, 19, 32, 64, 10, 181, 175, 41, 105, 147, 106, 58, 44, 192, 86, 122, 3, 170, 120, 45, 152, 98, 163, 167, 155, 65, 28, 36, 124, 110, 100, 197, 107, 167, 117, 62, 114, 176, 110, 115, 34, 36, 130, 84, 60, 40, 5, 63, 156, 144, 164, 187, 146, 129, 72, 104, 107, 136, 113, 56, 195, 33, 29]",3
69,69,"[44, 152, 139, 105, 120, 170, 8, 58, 41, 106, 147, 119, 32, 19, 137, 75, 181, 122, 98, 157, 3, 45, 192, 163, 175, 86, 64, 196, 10, 4, 167, 36, 197, 100, 107, 65, 124, 155, 28, 110, 36, 104, 62, 29, 187, 115, 129, 146, 40, 195, 176, 114, 136, 56, 164, 5, 144, 113, 110, 72, 60, 130, 167, 33, 63, 156, 107, 34, 117, 84]",3
70,70,"[75, 44, 10, 147, 157, 19, 4, 3, 170, 196, 105, 181, 192, 64, 122, 8, 32, 137, 41, 175, 119, 45, 120, 106, 86, 152, 163, 58, 98, 139, 28, 36, 65, 167, 107, 124, 100, 155, 197, 110, 117, 63, 33, 72, 29, 129, 56, 34, 115, 40, 156, 84, 5, 110, 60, 104, 144, 62, 187, 164, 114, 146, 107, 130, 36, 167, 113, 195, 136, 176]",3
71,71,"[75, 137, 106, 175, 98, 32, 192, 64, 152, 170, 163, 181, 58, 119, 3, 147, 19, 105, 41, 10, 86, 44, 122, 196, 4, 120, 157, 8, 45, 139, 28, 155, 124, 167, 65, 36, 110, 100, 197, 107, 60, 117, 34, 129, 164, 104, 195, 107, 113, 146, 156, 136, 40, 115, 72, 187, 110, 176, 84, 5, 56, 62, 33, 144, 114, 167, 63, 29, 130, 36]",3
72,72,"[75, 170, 3, 86, 175, 147, 44, 120, 157, 58, 196, 4, 41, 19, 163, 137, 152, 45, 105, 181, 119, 139, 32, 8, 10, 192, 122, 64, 106, 98, 167, 65, 110, 36, 107, 155, 124, 100, 28, 197, 110, 40, 129, 130, 72, 56, 176, 107, 60, 115, 146, 34, 62, 187, 164, 136, 36, 5, 114, 156, 167, 84, 195, 117, 113, 33, 104, 63, 29, 144]",3
73,73,"[192, 44, 45, 64, 119, 10, 58, 8, 137, 122, 41, 157, 86, 196, 163, 170, 32, 152, 175, 98, 181, 106, 105, 4, 120, 139, 3, 19, 75, 147, 197, 28, 167, 100, 36, 107, 155, 124, 110, 65, 72, 114, 110, 156, 115, 36, 164, 146, 60, 167, 104, 107, 56, 29, 62, 63, 130, 117, 84, 176, 113, 136, 187, 40, 129, 34, 33, 195, 5, 144]",3
74,74,"[105, 120, 3, 122, 147, 19, 86, 98, 45, 119, 32, 58, 181, 137, 157, 196, 163, 10, 41, 106, 192, 175, 4, 139, 152, 64, 44, 8, 170, 75, 107, 36, 155, 197, 124, 167, 28, 65, 110, 100, 176, 195, 62, 115, 84, 114, 60, 29, 129, 56, 72, 146, 104, 136, 63, 144, 33, 187, 113, 107, 34, 130, 40, 156, 167, 117, 110, 36, 5, 164]",3
75,75,"[44, 86, 45, 75, 137, 64, 105, 181, 196, 98, 152, 4, 8, 10, 170, 58, 19, 157, 122, 3, 120, 147, 139, 106, 119, 163, 41, 192, 175, 32, 155, 107, 28, 36, 100, 124, 197, 65, 167, 110, 136, 167, 114, 115, 130, 164, 195, 144, 63, 156, 29, 107, 104, 176, 117, 56, 113, 110, 34, 62, 187, 146, 60, 72, 33, 84, 36, 129, 40, 5]",3
76,76,"[181, 86, 122, 170, 106, 8, 32, 45, 3, 192, 58, 4, 41, 137, 19, 163, 139, 120, 10, 196, 98, 147, 44, 175, 152, 105, 75, 119, 157, 64, 124, 197, 167, 36, 107, 110, 28, 100, 65, 155, 117, 72, 29, 110, 115, 60, 104, 62, 107, 129, 130, 40, 167, 63, 187, 156, 144, 113, 176, 5, 36, 34, 146, 84, 195, 136, 164, 114, 56, 33]",3
77,77,"[147, 58, 86, 170, 4, 45, 163, 106, 192, 32, 44, 137, 119, 41, 196, 3, 98, 120, 139, 181, 152, 19, 157, 175, 8, 122, 105, 10, 64, 75, 124, 110, 65, 197, 28, 155, 100, 107, 36, 167, 129, 146, 72, 164, 167, 156, 33, 104, 56, 107, 130, 63, 113, 144, 29, 84, 110, 187, 5, 60, 114, 117, 40, 195, 176, 34, 136, 36, 62, 115]",3
78,78,"[157, 163, 45, 10, 122, 19, 196, 175, 86, 119, 192, 41, 98, 58, 8, 32, 137, 147, 120, 181, 106, 75, 4, 44, 105, 152, 170, 139, 64, 3, 65, 100, 124, 110, 167, 28, 155, 197, 36, 107, 56, 36, 33, 176, 144, 136, 60, 117, 84, 110, 156, 129, 187, 62, 5, 115, 195, 130, 167, 104, 114, 164, 29, 34, 40, 107, 146, 63, 72, 113]",3
79,79,"[98, 119, 122, 192, 64, 45, 175, 196, 19, 86, 147, 10, 8, 137, 170, 58, 120, 75, 105, 152, 139, 3, 32, 106, 4, 163, 44, 41, 157, 181, 36, 124, 197, 107, 100, 155, 28, 65, 167, 110, 104, 63, 110, 115, 29, 167, 113, 136, 130, 72, 33, 56, 5, 114, 36, 62, 117, 187, 146, 176, 129, 40, 84, 60, 164, 34, 195, 156, 107, 144]",3
80,80,"[45, 137, 120, 44, 163, 8, 105, 98, 86, 3, 119, 152, 64, 192, 75, 32, 122, 4, 106, 157, 170, 10, 147, 175, 139, 19, 58, 196, 181, 41, 167, 124, 197, 65, 110, 28, 36, 100, 107, 155, 72, 40, 146, 130, 29, 63, 115, 129, 104, 176, 114, 113, 33, 84, 144, 156, 107, 34, 110, 5, 187, 36, 195, 136, 60, 62, 117, 164, 56, 167]",3
81,81,"[4, 157, 196, 45, 152, 139, 147, 44, 181, 64, 19, 192, 119, 175, 75, 122, 86, 58, 41, 105, 163, 106, 98, 120, 32, 137, 8, 10, 170, 3, 110, 107, 197, 155, 100, 167, 36, 28, 124, 65, 72, 114, 62, 104, 167, 156, 63, 130, 115, 33, 117, 29, 34, 56, 60, 146, 136, 164, 187, 110, 129, 40, 5, 195, 84, 107, 176, 113, 36, 144]",3
82,82,"[8, 157, 19, 64, 4, 44, 152, 181, 163, 45, 192, 137, 196, 120, 147, 175, 10, 86, 106, 170, 75, 105, 119, 122, 32, 58, 41, 3, 139, 98, 100, 36, 124, 65, 167, 107, 155, 197, 28, 110, 195, 84, 117, 130, 60, 167, 129, 62, 113, 36, 34, 176, 164, 29, 114, 72, 107, 136, 144, 104, 40, 33, 156, 115, 63, 5, 187, 56, 110, 146]",3
83,83,"[137, 157, 175, 44, 64, 10, 122, 4, 106, 75, 58, 3, 45, 120, 105, 181, 119, 98, 19, 8, 41, 163, 32, 192, 139, 152, 170, 86, 147, 196, 110, 36, 167, 155, 28, 100, 107, 124, 65, 197, 107, 62, 167, 29, 5, 130, 187, 40, 176, 146, 72, 33, 110, 144, 113, 63, 114, 60, 129, 136, 115, 156, 104, 34, 195, 56, 36, 164, 117, 84]",3
84,84,"[163, 170, 98, 122, 147, 106, 196, 4, 3, 181, 105, 10, 41, 44, 64, 32, 137, 119, 152, 86, 157, 19, 8, 45, 175, 192, 120, 75, 139, 58, 65, 197, 36, 110, 100, 107, 167, 124, 28, 155, 164, 146, 104, 5, 115, 136, 62, 60, 114, 107, 129, 36, 56, 156, 113, 117, 130, 40, 34, 84, 29, 167, 187, 72, 195, 176, 63, 33, 144, 110]",3
85,85,"[45, 147, 119, 32, 157, 64, 98, 192, 120, 75, 19, 175, 41, 105, 10, 3, 170, 4, 86, 58, 139, 8, 44, 196, 106, 152, 181, 163, 122, 137, 167, 100, 65, 110, 28, 107, 124, 36, 155, 197, 113, 33, 144, 146, 176, 167, 104, 63, 84, 187, 164, 114, 36, 110, 130, 60, 72, 56, 117, 115, 107, 34, 136, 62, 5, 129, 156, 40, 29, 195]",3
86,86,"[119, 10, 41, 157, 75, 32, 8, 181, 196, 122, 175, 105, 192, 58, 86, 147, 106, 4, 139, 64, 44, 19, 45, 3, 98, 170, 120, 137, 152, 163, 124, 107, 100, 155, 36, 197, 167, 65, 110, 28, 164, 72, 167, 110, 130, 113, 129, 187, 33, 5, 56, 63, 156, 60, 114, 136, 34, 117, 107, 36, 84, 195, 146, 62, 40, 176, 144, 115, 104, 29]",3
87,87,"[175, 10, 105, 152, 4, 75, 139, 64, 98, 19, 44, 122, 45, 137, 8, 196, 119, 3, 163, 192, 170, 86, 58, 41, 181, 32, 120, 106, 157, 147, 100, 167, 124, 110, 28, 155, 65, 107, 36, 197, 146, 130, 167, 34, 107, 36, 156, 144, 110, 113, 136, 104, 117, 72, 129, 115, 195, 62, 114, 40, 84, 60, 5, 56, 187, 63, 33, 176, 29, 164]",3
88,88,"[181, 120, 41, 58, 32, 119, 98, 8, 192, 45, 10, 196, 163, 105, 139, 152, 19, 4, 122, 175, 147, 3, 86, 137, 75, 157, 170, 106, 64, 44, 124, 36, 65, 107, 167, 155, 28, 100, 110, 197, 113, 130, 164, 60, 40, 146, 36, 84, 117, 29, 72, 34, 107, 5, 104, 167, 33, 144, 56, 187, 195, 115, 63, 129, 176, 136, 110, 114, 156, 62]",3
89,89,"[152, 139, 58, 137, 170, 86, 120, 157, 41, 10, 4, 8, 98, 32, 196, 175, 122, 106, 105, 44, 3, 119, 163, 192, 75, 19, 147, 45, 181, 64, 65, 100, 155, 124, 197, 36, 28, 167, 107, 110, 176, 107, 40, 114, 115, 72, 113, 146, 167, 129, 5, 187, 110, 33, 56, 164, 34, 29, 62, 63, 117, 130, 104, 136, 195, 144, 36, 156, 60, 84]",3
90,90,"[120, 106, 192, 41, 122, 170, 157, 44, 4, 105, 86, 163, 3, 45, 64, 58, 196, 8, 175, 19, 139, 152, 119, 147, 10, 181, 75, 98, 137, 32, 155, 65, 124, 36, 110, 167, 28, 197, 107, 100, 114, 104, 164, 110, 130, 146, 136, 56, 62, 113, 34, 115, 29, 72, 167, 144, 156, 117, 33, 5, 195, 129, 107, 40, 60, 36, 84, 63, 187, 176]",3
91,91,"[32, 192, 157, 3, 196, 122, 139, 58, 8, 45, 163, 86, 98, 120, 152, 170, 181, 106, 41, 75, 4, 44, 119, 147, 105, 10, 137, 175, 19, 64, 107, 197, 65, 100, 36, 124, 28, 155, 110, 167, 29, 56, 84, 117, 164, 40, 195, 62, 110, 113, 187, 136, 115, 156, 36, 5, 72, 34, 63, 176, 129, 167, 33, 60, 146, 114, 144, 107, 130, 104]",3
92,92,"[192, 157, 196, 137, 3, 163, 147, 120, 119, 45, 10, 152, 64, 106, 4, 122, 181, 8, 44, 32, 19, 86, 105, 170, 175, 41, 58, 139, 98, 75, 36, 110, 124, 197, 28, 65, 155, 100, 107, 167, 5, 115, 56, 167, 176, 110, 29, 63, 113, 36, 195, 62, 33, 72, 107, 164, 156, 114, 117, 144, 104, 34, 84, 146, 60, 136, 130, 40, 187, 129]",3
93,93,"[192, 19, 10, 196, 147, 119, 45, 4, 98, 105, 157, 137, 8, 58, 75, 175, 3, 163, 106, 41, 32, 86, 120, 181, 44, 152, 170, 139, 64, 122, 100, 167, 107, 28, 197, 65, 124, 155, 110, 36, 117, 63, 29, 62, 5, 72, 167, 130, 33, 107, 164, 129, 84, 36, 60, 110, 40, 34, 156, 146, 114, 195, 144, 113, 115, 176, 104, 56, 136, 187]",3
94,94,"[32, 152, 147, 86, 58, 98, 44, 106, 10, 119, 196, 122, 19, 157, 120, 105, 3, 139, 64, 181, 45, 4, 192, 163, 137, 75, 170, 8, 41, 175, 107, 124, 197, 110, 65, 155, 36, 28, 100, 167, 107, 110, 136, 187, 84, 113, 56, 129, 144, 156, 176, 29, 104, 60, 117, 114, 72, 146, 115, 33, 5, 36, 130, 195, 40, 164, 62, 167, 34, 63]",3
95,95,"[105, 64, 137, 58, 196, 119, 192, 98, 139, 157, 44, 163, 41, 19, 8, 10, 75, 122, 181, 175, 152, 32, 45, 4, 86, 147, 3, 170, 106, 120, 155, 167, 124, 197, 65, 110, 28, 36, 100, 107, 115, 56, 195, 33, 136, 114, 167, 104, 5, 130, 72, 63, 129, 107, 110, 164, 187, 40, 34, 146, 60, 156, 144, 117, 113, 176, 29, 62, 84, 36]",3
96,96,"[86, 8, 44, 163, 75, 196, 3, 45, 157, 41, 152, 175, 192, 181, 106, 147, 98, 4, 119, 32, 19, 137, 122, 120, 64, 170, 10, 58, 105, 139, 167, 155, 100, 197, 36, 28, 110, 124, 65, 107, 110, 72, 146, 104, 195, 107, 5, 36, 156, 187, 176, 62, 114, 144, 129, 84, 60, 56, 29, 34, 117, 33, 136, 40, 167, 115, 63, 130, 113, 164]",3
97,97,"[19, 106, 175, 139, 163, 45, 10, 196, 137, 41, 119, 3, 44, 64, 75, 120, 32, 152, 4, 86, 147, 98, 8, 170, 181, 157, 122, 58, 105, 192, 124, 110, 36, 197, 100, 28, 107, 155, 65, 167, 72, 84, 110, 40, 56, 29, 187, 34, 164, 104, 115, 167, 5, 117, 107, 63, 144, 113, 33, 136, 176, 36, 130, 62, 114, 156, 60, 129, 195, 146]",3
98,98,"[32, 170, 105, 98, 3, 139, 86, 45, 196, 41, 181, 152, 19, 64, 44, 10, 106, 58, 157, 163, 120, 4, 119, 8, 175, 147, 75, 137, 192, 122, 100, 124, 107, 28, 197, 65, 110, 155, 36, 167, 62, 146, 110, 56, 144, 176, 156, 40, 33, 136, 113, 195, 187, 115, 130, 84, 5, 117, 107, 60, 114, 29, 164, 104, 167, 63, 36, 34, 72, 129]",3
99,99,"[19, 152, 8, 58, 163, 32, 3, 170, 105, 44, 4, 157, 192, 147, 119, 98, 139, 181, 64, 196, 122, 86, 175, 137, 10, 75, 45, 120, 106, 41, 124, 167, 110, 65, 28, 100, 155, 36, 107, 197, 129, 29, 40, 34, 136, 5, 107, 33, 36, 56, 130, 114, 72, 104, 117, 113, 167, 84, 110, 156, 144, 164, 115, 62, 60, 195, 146, 176, 187, 63]",3
100,100,"[3, 147, 19, 10, 45, 64, 106, 44, 137, 196, 175, 119, 139, 120, 157, 41, 4, 192, 75, 170, 32, 8, 105, 98, 58, 163, 181, 122, 86, 152, 124, 28, 197, 100, 36, 110, 155, 167, 107, 65, 117, 114, 115, 5, 72, 195, 40, 130, 84, 136, 187, 104, 107, 113, 34, 110, 156, 144, 62, 164, 146, 176, 60, 33, 129, 63, 36, 56, 29, 167]",3
101,101,"[105, 4, 45, 44, 32, 152, 64, 122, 157, 98, 163, 41, 3, 139, 192, 196, 120, 170, 106, 86, 10, 19, 147, 119, 175, 8, 137, 181, 75, 58, 197, 155, 124, 36, 28, 100, 167, 110, 65, 107, 113, 114, 104, 34, 62, 144, 156, 63, 84, 164, 195, 115, 5, 29, 33, 110, 129, 36, 117, 176, 130, 40, 107, 72, 136, 146, 167, 56, 60, 187]",3
102,102,"[3, 4, 45, 163, 75, 41, 137, 19, 139, 86, 32, 152, 157, 175, 98, 181, 105, 120, 44, 122, 64, 106, 192, 147, 170, 10, 58, 8, 119, 196, 28, 124, 167, 197, 110, 107, 155, 36, 65, 100, 114, 40, 33, 113, 156, 195, 72, 29, 34, 5, 107, 60, 110, 36, 63, 136, 129, 176, 144, 187, 56, 117, 167, 62, 84, 146, 130, 115, 104, 164]",3
103,103,"[10, 119, 170, 139, 196, 8, 75, 147, 175, 105, 98, 192, 163, 86, 137, 157, 181, 32, 152, 19, 44, 64, 106, 120, 4, 3, 122, 45, 58, 41, 36, 107, 155, 100, 124, 110, 197, 65, 167, 28, 72, 176, 29, 36, 136, 156, 62, 56, 84, 33, 60, 115, 167, 129, 144, 114, 130, 63, 164, 107, 113, 104, 110, 5, 195, 187, 34, 117, 146, 40]",3
104,104,"[120, 152, 137, 75, 157, 3, 196, 175, 163, 58, 32, 122, 44, 64, 4, 139, 10, 170, 41, 45, 8, 147, 98, 119, 192, 86, 106, 105, 181, 19, 110, 124, 28, 155, 65, 107, 36, 197, 100, 167, 144, 60, 164, 33, 115, 167, 156, 36, 113, 72, 29, 187, 34, 40, 136, 107, 129, 5, 63, 114, 195, 84, 56, 104, 176, 110, 146, 117, 62, 130]",3
105,105,"[4, 10, 170, 8, 98, 75, 19, 3, 175, 163, 119, 181, 196, 192, 106, 44, 137, 32, 86, 58, 120, 139, 45, 152, 147, 105, 157, 122, 41, 64, 110, 124, 155, 107, 65, 167, 28, 100, 36, 197, 144, 136, 107, 167, 84, 195, 129, 33, 34, 60, 164, 5, 62, 146, 176, 29, 56, 114, 156, 40, 187, 110, 113, 63, 130, 117, 115, 72, 36, 104]",3
106,106,"[41, 19, 75, 137, 106, 32, 119, 86, 10, 4, 44, 147, 58, 45, 192, 8, 157, 139, 105, 196, 152, 3, 122, 120, 163, 175, 64, 98, 170, 181, 167, 36, 124, 65, 107, 100, 197, 28, 110, 155, 84, 33, 60, 29, 130, 62, 40, 72, 113, 107, 110, 146, 164, 156, 56, 5, 117, 144, 36, 115, 167, 136, 129, 63, 34, 114, 176, 187, 195, 104]",3
107,107,"[64, 45, 119, 122, 152, 10, 192, 175, 105, 86, 120, 3, 139, 19, 137, 181, 8, 147, 75, 58, 44, 157, 98, 32, 106, 4, 41, 196, 163, 170, 28, 65, 167, 124, 110, 36, 107, 100, 197, 155, 164, 136, 60, 34, 29, 110, 115, 176, 113, 5, 117, 62, 40, 72, 130, 195, 156, 144, 129, 84, 56, 104, 187, 63, 33, 167, 146, 36, 107, 114]",3
108,108,"[106, 64, 58, 98, 170, 32, 86, 175, 120, 152, 196, 139, 4, 45, 119, 8, 192, 122, 147, 157, 181, 163, 105, 3, 44, 137, 10, 19, 75, 41, 167, 197, 65, 100, 124, 155, 110, 36, 107, 28, 146, 72, 107, 114, 117, 167, 63, 60, 130, 113, 115, 36, 33, 156, 129, 104, 164, 84, 195, 40, 56, 144, 5, 176, 136, 29, 187, 62, 34, 110]",3
109,109,"[175, 192, 3, 86, 8, 10, 120, 106, 170, 122, 41, 119, 152, 181, 19, 98, 139, 45, 105, 147, 32, 163, 157, 137, 196, 64, 44, 58, 4, 75, 36, 155, 124, 28, 110, 197, 167, 65, 100, 107, 167, 164, 33, 63, 36, 34, 115, 129, 110, 130, 60, 144, 40, 187, 104, 146, 113, 62, 195, 56, 156, 136, 107, 72, 114, 29, 176, 117, 84, 5]",3
110,110,"[137, 58, 19, 86, 152, 3, 64, 157, 181, 120, 32, 106, 105, 122, 175, 4, 44, 41, 147, 170, 119, 45, 98, 196, 8, 192, 163, 75, 10, 139, 155, 167, 28, 107, 110, 124, 197, 65, 36, 100, 115, 144, 60, 167, 195, 62, 156, 36, 5, 33, 136, 113, 114, 56, 107, 40, 187, 29, 129, 164, 84, 110, 34, 72, 146, 130, 104, 117, 176, 63]",3
111,111,"[120, 196, 41, 181, 139, 170, 3, 152, 119, 192, 64, 4, 10, 45, 44, 157, 106, 19, 98, 175, 105, 163, 75, 32, 137, 58, 8, 86, 147, 122, 155, 107, 167, 197, 100, 36, 124, 65, 28, 110, 63, 34, 136, 167, 117, 40, 115, 113, 176, 187, 72, 5, 144, 164, 36, 130, 114, 84, 195, 60, 29, 33, 62, 146, 110, 56, 107, 156, 104, 129]",3
112,112,"[58, 137, 41, 163, 119, 45, 106, 175, 157, 192, 44, 181, 75, 105, 3, 170, 122, 120, 8, 152, 196, 147, 86, 139, 19, 98, 64, 10, 32, 4, 65, 167, 124, 28, 155, 100, 107, 36, 197, 110, 34, 130, 5, 60, 56, 107, 110, 114, 146, 33, 144, 187, 29, 72, 63, 62, 115, 167, 195, 164, 156, 117, 129, 113, 36, 40, 104, 84, 176, 136]",3
113,113,"[45, 122, 41, 4, 152, 170, 106, 58, 119, 105, 98, 137, 44, 19, 64, 139, 175, 3, 32, 147, 120, 196, 157, 163, 8, 181, 75, 10, 192, 86, 124, 167, 197, 28, 65, 100, 107, 155, 36, 110, 167, 29, 156, 164, 56, 60, 187, 63, 40, 130, 107, 129, 33, 72, 114, 5, 113, 136, 62, 110, 144, 104, 115, 117, 84, 36, 195, 146, 34, 176]",3
114,114,"[147, 44, 75, 32, 106, 175, 122, 119, 3, 64, 86, 8, 58, 139, 45, 157, 120, 170, 41, 19, 105, 196, 137, 181, 152, 10, 98, 4, 192, 163, 124, 28, 167, 65, 100, 110, 36, 197, 155, 107, 144, 187, 72, 117, 60, 36, 136, 195, 156, 40, 62, 129, 130, 167, 107, 115, 63, 34, 29, 176, 110, 5, 104, 33, 56, 114, 164, 113, 146, 84]",3
115,115,"[4, 64, 147, 137, 139, 152, 41, 175, 157, 75, 86, 120, 122, 45, 3, 58, 8, 105, 19, 119, 181, 44, 106, 170, 98, 196, 10, 192, 163, 32, 110, 124, 155, 107, 197, 167, 28, 36, 65, 100, 129, 33, 144, 62, 187, 156, 110, 40, 176, 117, 104, 130, 36, 34, 146, 84, 5, 107, 114, 115, 195, 29, 56, 60, 167, 136, 113, 164, 72, 63]",3
116,116,"[41, 105, 75, 119, 58, 139, 106, 181, 10, 192, 86, 122, 170, 175, 64, 157, 152, 8, 19, 44, 98, 120, 4, 147, 45, 196, 137, 163, 3, 32, 65, 36, 100, 197, 167, 107, 124, 110, 28, 155, 167, 40, 129, 104, 130, 117, 113, 146, 114, 56, 110, 29, 34, 144, 60, 115, 84, 5, 156, 176, 107, 164, 136, 62, 36, 187, 63, 195, 72, 33]",3
117,117,"[147, 175, 157, 137, 10, 8, 19, 105, 32, 44, 196, 3, 58, 106, 75, 120, 163, 4, 119, 98, 41, 152, 64, 192, 86, 139, 170, 181, 45, 122, 155, 124, 65, 110, 167, 107, 197, 28, 36, 100, 104, 110, 5, 136, 187, 72, 195, 36, 129, 84, 63, 115, 146, 107, 167, 40, 113, 144, 130, 34, 56, 29, 164, 60, 33, 117, 176, 62, 114, 156]",3
118,118,"[10, 41, 139, 122, 196, 44, 175, 58, 147, 32, 137, 8, 98, 64, 45, 3, 19, 106, 163, 157, 192, 105, 4, 75, 119, 181, 152, 170, 86, 120, 107, 65, 155, 28, 167, 100, 197, 110, 36, 124, 36, 107, 110, 117, 56, 129, 114, 195, 146, 167, 136, 113, 176, 60, 187, 130, 34, 104, 29, 156, 164, 63, 72, 115, 5, 33, 84, 62, 144, 40]",3
119,119,"[119, 3, 181, 64, 120, 45, 122, 139, 98, 192, 170, 163, 137, 152, 4, 157, 86, 106, 196, 147, 10, 44, 32, 8, 75, 175, 19, 58, 41, 105, 110, 197, 28, 155, 124, 100, 65, 107, 167, 36, 40, 60, 136, 115, 130, 63, 144, 113, 72, 107, 146, 164, 104, 187, 156, 5, 62, 36, 33, 29, 167, 56, 84, 117, 176, 34, 195, 129, 110, 114]",3
120,120,"[137, 10, 196, 170, 105, 157, 3, 75, 44, 192, 163, 45, 181, 8, 86, 120, 152, 139, 58, 122, 32, 98, 4, 119, 64, 106, 147, 19, 175, 41, 197, 124, 100, 36, 110, 28, 167, 65, 155, 107, 144, 117, 156, 113, 62, 84, 136, 34, 176, 146, 36, 167, 114, 60, 107, 187, 33, 129, 110, 164, 29, 130, 56, 195, 63, 40, 104, 5, 115, 72]",3
121,121,"[64, 75, 105, 10, 152, 157, 41, 44, 120, 3, 4, 163, 58, 106, 32, 119, 45, 19, 147, 139, 181, 196, 86, 8, 98, 175, 122, 170, 137, 192, 100, 36, 167, 124, 107, 28, 65, 197, 110, 155, 167, 114, 156, 130, 117, 176, 110, 187, 40, 62, 72, 84, 144, 113, 104, 107, 36, 129, 146, 60, 5, 29, 33, 115, 164, 136, 34, 63, 195, 56]",3
122,122,"[196, 147, 4, 58, 8, 98, 64, 137, 175, 119, 170, 122, 157, 45, 41, 3, 10, 120, 86, 105, 181, 32, 44, 152, 192, 163, 106, 75, 19, 139, 110, 36, 100, 124, 167, 65, 107, 28, 155, 197, 176, 113, 156, 62, 164, 34, 84, 29, 36, 33, 72, 129, 60, 187, 40, 117, 167, 56, 110, 114, 130, 104, 144, 136, 146, 63, 107, 5, 195, 115]",3
123,123,"[45, 4, 8, 75, 139, 10, 106, 157, 196, 64, 181, 175, 58, 137, 119, 19, 170, 98, 3, 32, 44, 41, 122, 152, 120, 163, 86, 147, 192, 105, 65, 155, 100, 107, 36, 124, 167, 28, 110, 197, 60, 36, 115, 63, 84, 107, 117, 40, 156, 62, 34, 164, 136, 104, 33, 72, 187, 5, 130, 146, 195, 114, 144, 129, 56, 29, 113, 176, 110, 167]",3
124,124,"[44, 4, 139, 75, 122, 58, 119, 19, 163, 157, 106, 105, 3, 196, 192, 32, 175, 45, 86, 64, 137, 98, 8, 10, 152, 147, 120, 181, 170, 41, 28, 36, 65, 167, 155, 197, 100, 110, 124, 107, 29, 36, 187, 146, 129, 107, 167, 62, 195, 130, 84, 114, 72, 5, 110, 117, 56, 63, 176, 60, 144, 40, 136, 156, 113, 34, 115, 164, 104, 33]",3
125,125,"[32, 122, 64, 139, 8, 10, 181, 19, 75, 170, 192, 105, 147, 157, 175, 98, 120, 4, 196, 44, 86, 3, 45, 58, 119, 41, 137, 106, 163, 152, 107, 65, 28, 155, 100, 167, 36, 197, 124, 110, 62, 60, 136, 115, 56, 187, 36, 164, 84, 114, 146, 33, 156, 104, 5, 72, 167, 176, 117, 144, 63, 110, 40, 107, 130, 113, 34, 195, 129, 29]",3
126,126,"[170, 157, 192, 163, 196, 75, 64, 4, 181, 105, 119, 32, 3, 175, 86, 8, 41, 58, 120, 122, 10, 19, 45, 44, 147, 98, 152, 106, 137, 139, 28, 36, 65, 197, 124, 110, 107, 167, 155, 100, 107, 164, 114, 176, 195, 40, 33, 34, 117, 29, 36, 63, 136, 146, 130, 62, 5, 129, 84, 110, 56, 72, 156, 144, 113, 187, 60, 167, 115, 104]",3
127,127,"[163, 137, 192, 170, 147, 41, 152, 120, 10, 119, 175, 98, 139, 106, 8, 196, 181, 122, 3, 58, 157, 45, 75, 86, 4, 64, 19, 44, 32, 105, 110, 124, 65, 155, 167, 28, 36, 100, 197, 107, 176, 115, 117, 130, 110, 164, 34, 144, 113, 62, 72, 114, 187, 104, 63, 36, 84, 40, 33, 60, 29, 56, 195, 129, 167, 107, 156, 136, 5, 146]",3
128,128,"[32, 3, 4, 137, 44, 120, 175, 163, 45, 58, 75, 139, 8, 64, 19, 192, 119, 106, 170, 122, 152, 86, 147, 41, 196, 181, 157, 10, 98, 105, 124, 110, 107, 65, 167, 28, 197, 36, 100, 155, 33, 72, 167, 114, 56, 29, 62, 5, 115, 60, 187, 107, 113, 195, 117, 84, 176, 146, 34, 130, 63, 40, 136, 129, 164, 144, 104, 36, 156, 110]",3
129,129,"[10, 64, 139, 119, 122, 3, 196, 105, 32, 86, 44, 41, 45, 147, 8, 106, 4, 98, 58, 137, 175, 163, 181, 152, 192, 157, 120, 170, 75, 19, 107, 155, 36, 65, 28, 197, 124, 167, 110, 100, 136, 34, 130, 63, 144, 36, 195, 33, 117, 187, 72, 5, 156, 84, 113, 164, 40, 114, 176, 167, 107, 115, 29, 62, 104, 146, 60, 110, 129, 56]",3
130,130,"[106, 157, 175, 3, 152, 122, 44, 137, 170, 147, 163, 196, 58, 105, 19, 86, 75, 64, 120, 10, 181, 32, 41, 4, 8, 192, 119, 139, 98, 45, 28, 155, 110, 100, 107, 197, 167, 65, 36, 124, 107, 104, 84, 114, 72, 146, 63, 195, 5, 34, 130, 33, 56, 110, 29, 62, 156, 129, 187, 164, 113, 60, 136, 117, 176, 36, 40, 115, 144, 167]",3
131,131,"[163, 139, 45, 3, 106, 122, 157, 19, 86, 64, 119, 152, 192, 10, 175, 8, 41, 105, 44, 181, 137, 4, 120, 98, 196, 170, 32, 75, 58, 147, 28, 100, 167, 36, 155, 107, 65, 124, 197, 110, 110, 144, 56, 84, 62, 164, 167, 187, 156, 107, 72, 195, 129, 40, 114, 176, 34, 5, 33, 29, 136, 113, 104, 130, 36, 117, 146, 63, 60, 115]",3
132,132,"[137, 119, 98, 152, 45, 120, 8, 10, 170, 19, 32, 192, 58, 105, 44, 157, 181, 122, 64, 3, 106, 147, 41, 4, 139, 196, 163, 175, 86, 75, 36, 167, 65, 197, 155, 107, 28, 100, 124, 110, 115, 72, 40, 146, 62, 130, 176, 136, 187, 110, 56, 164, 195, 60, 5, 114, 107, 33, 113, 167, 117, 104, 129, 144, 156, 36, 34, 84, 63, 29]",3
133,133,"[137, 106, 45, 122, 41, 105, 152, 86, 3, 181, 44, 119, 19, 58, 10, 139, 157, 98, 192, 32, 4, 8, 163, 196, 75, 147, 120, 175, 64, 170, 167, 28, 155, 107, 65, 197, 36, 124, 100, 110, 84, 117, 104, 144, 72, 36, 107, 146, 29, 176, 164, 156, 115, 195, 63, 167, 34, 40, 56, 5, 114, 110, 60, 136, 113, 129, 130, 187, 33, 62]",3
134,134,"[41, 19, 137, 8, 64, 157, 119, 4, 58, 170, 175, 106, 86, 45, 105, 192, 139, 10, 32, 120, 152, 98, 122, 147, 3, 44, 181, 75, 196, 163, 110, 65, 155, 36, 167, 107, 100, 28, 124, 197, 5, 187, 129, 84, 136, 62, 167, 176, 195, 115, 144, 110, 164, 34, 113, 117, 104, 56, 63, 40, 29, 36, 130, 60, 156, 114, 107, 33, 146, 72]",3
135,135,"[45, 181, 122, 86, 119, 192, 75, 8, 175, 170, 10, 137, 98, 64, 157, 139, 58, 120, 163, 106, 19, 3, 147, 32, 196, 152, 44, 105, 41, 4, 65, 110, 100, 155, 107, 167, 28, 197, 36, 124, 56, 144, 113, 40, 5, 130, 115, 107, 117, 167, 156, 72, 114, 187, 84, 36, 60, 104, 176, 63, 29, 164, 62, 129, 195, 34, 33, 146, 110, 136]",3
136,136,"[44, 75, 3, 98, 163, 170, 181, 147, 119, 105, 196, 120, 41, 137, 86, 45, 4, 58, 19, 64, 106, 157, 175, 8, 152, 10, 192, 32, 122, 139, 110, 155, 124, 65, 100, 28, 197, 36, 107, 167, 117, 113, 110, 107, 136, 40, 29, 114, 34, 176, 36, 56, 130, 60, 72, 195, 129, 84, 104, 144, 63, 5, 146, 115, 187, 167, 33, 62, 156, 164]",3
137,137,"[41, 157, 106, 170, 19, 137, 119, 10, 32, 98, 147, 4, 45, 196, 192, 3, 181, 163, 139, 44, 152, 64, 8, 175, 122, 105, 75, 120, 58, 86, 107, 124, 155, 36, 100, 28, 197, 167, 110, 65, 136, 104, 29, 110, 156, 34, 107, 117, 144, 130, 63, 195, 167, 36, 129, 176, 40, 146, 115, 56, 113, 84, 5, 114, 164, 62, 60, 187, 33, 72]",3
138,138,"[4, 44, 175, 98, 119, 181, 192, 75, 3, 8, 86, 170, 152, 163, 137, 157, 41, 64, 19, 196, 139, 105, 147, 122, 32, 10, 58, 120, 106, 45, 167, 155, 100, 197, 107, 36, 124, 65, 110, 28, 33, 195, 104, 107, 5, 164, 60, 29, 167, 36, 115, 62, 117, 146, 34, 130, 40, 84, 176, 156, 136, 56, 129, 113, 72, 110, 187, 114, 63, 144]",3
139,139,"[119, 105, 64, 181, 157, 175, 3, 8, 19, 75, 120, 122, 45, 147, 4, 152, 98, 32, 44, 10, 192, 58, 86, 163, 170, 106, 139, 41, 196, 137, 65, 28, 155, 100, 110, 167, 36, 124, 107, 197, 33, 176, 113, 5, 62, 40, 195, 130, 60, 29, 136, 146, 144, 110, 164, 107, 56, 72, 117, 63, 115, 84, 129, 156, 114, 34, 104, 187, 167, 36]",3
140,140,"[8, 98, 122, 196, 3, 4, 157, 139, 45, 152, 58, 105, 10, 170, 75, 119, 19, 86, 32, 44, 137, 175, 147, 106, 41, 163, 120, 64, 181, 192, 28, 65, 197, 107, 167, 124, 155, 36, 100, 110, 167, 187, 164, 72, 117, 36, 144, 62, 107, 156, 104, 195, 56, 146, 113, 84, 33, 136, 5, 176, 40, 63, 29, 114, 115, 110, 129, 130, 60, 34]",3
141,141,"[120, 58, 44, 175, 19, 45, 75, 64, 157, 137, 41, 106, 98, 32, 192, 139, 4, 196, 10, 147, 163, 8, 86, 152, 170, 105, 119, 3, 181, 122, 100, 107, 124, 110, 197, 28, 155, 36, 65, 167, 114, 144, 176, 156, 164, 56, 195, 63, 29, 107, 62, 115, 110, 33, 129, 113, 72, 5, 146, 187, 117, 36, 84, 136, 104, 34, 167, 130, 40, 60]",3
142,142,"[19, 4, 175, 170, 44, 196, 3, 122, 58, 157, 8, 10, 181, 64, 163, 152, 137, 139, 192, 119, 41, 75, 86, 32, 45, 147, 105, 106, 98, 120, 28, 36, 107, 155, 65, 197, 124, 110, 100, 167, 115, 107, 34, 104, 62, 72, 129, 40, 187, 164, 114, 176, 84, 36, 144, 5, 136, 110, 146, 113, 63, 156, 29, 167, 33, 60, 117, 130, 56, 195]",3
143,143,"[192, 170, 175, 137, 10, 157, 3, 105, 152, 106, 75, 4, 58, 19, 196, 147, 98, 8, 41, 119, 44, 139, 120, 32, 45, 181, 122, 163, 64, 86, 28, 65, 197, 167, 155, 107, 124, 100, 36, 110, 146, 104, 5, 130, 113, 164, 40, 195, 62, 84, 56, 115, 129, 29, 36, 117, 110, 156, 167, 107, 136, 114, 60, 33, 176, 144, 72, 187, 34, 63]",3
144,144,"[75, 139, 8, 137, 163, 181, 45, 122, 19, 44, 106, 10, 120, 119, 175, 98, 196, 192, 152, 3, 58, 41, 64, 4, 157, 170, 86, 147, 105, 32, 124, 36, 107, 28, 167, 110, 65, 100, 197, 155, 107, 63, 5, 29, 164, 33, 144, 167, 104, 34, 84, 36, 195, 115, 60, 156, 146, 117, 114, 62, 176, 136, 130, 113, 40, 56, 72, 129, 110, 187]",3
145,145,"[181, 98, 157, 122, 120, 8, 170, 64, 137, 119, 75, 192, 139, 175, 196, 10, 44, 163, 45, 3, 4, 152, 105, 147, 19, 86, 106, 32, 41, 58, 65, 124, 36, 100, 110, 197, 107, 167, 28, 155, 176, 72, 144, 110, 195, 63, 115, 34, 130, 117, 113, 56, 60, 29, 187, 146, 164, 167, 156, 84, 136, 40, 129, 33, 107, 62, 104, 5, 114, 36]",3
146,146,"[137, 32, 181, 10, 163, 58, 3, 98, 8, 192, 175, 122, 157, 45, 170, 119, 86, 196, 19, 139, 4, 105, 41, 64, 147, 75, 44, 120, 152, 106, 107, 124, 155, 36, 100, 167, 65, 28, 197, 110, 104, 62, 60, 156, 164, 117, 5, 63, 113, 167, 72, 176, 136, 33, 195, 129, 114, 40, 110, 107, 36, 130, 144, 84, 115, 34, 187, 146, 29, 56]",3
147,147,"[152, 139, 137, 105, 58, 44, 3, 41, 10, 157, 86, 122, 170, 192, 175, 163, 4, 64, 119, 98, 196, 120, 32, 147, 106, 45, 75, 181, 8, 19, 124, 107, 65, 100, 155, 167, 110, 28, 36, 197, 130, 40, 146, 115, 117, 195, 63, 60, 114, 5, 164, 33, 156, 136, 113, 34, 110, 72, 176, 62, 104, 144, 36, 187, 84, 29, 129, 167, 107, 56]",3
148,148,"[105, 181, 19, 192, 32, 106, 86, 41, 137, 4, 3, 147, 10, 122, 44, 45, 196, 98, 139, 175, 152, 163, 64, 58, 157, 75, 170, 8, 119, 120, 155, 36, 28, 65, 110, 167, 100, 124, 197, 107, 104, 176, 130, 84, 195, 62, 63, 113, 136, 129, 33, 144, 110, 114, 34, 107, 36, 5, 187, 56, 164, 115, 146, 167, 60, 72, 40, 29, 156, 117]",3
149,149,"[75, 3, 58, 196, 41, 152, 139, 147, 181, 137, 64, 175, 32, 86, 45, 119, 120, 98, 106, 157, 44, 10, 8, 4, 170, 105, 163, 19, 122, 192, 197, 110, 100, 65, 155, 107, 28, 167, 36, 124, 114, 117, 107, 136, 110, 40, 156, 167, 146, 113, 115, 62, 29, 56, 5, 34, 164, 130, 84, 144, 104, 72, 187, 60, 195, 63, 129, 176, 33, 36]",3
150,150,"[98, 8, 105, 170, 44, 106, 147, 157, 75, 192, 181, 163, 19, 58, 4, 119, 41, 32, 139, 86, 152, 10, 3, 122, 175, 45, 120, 137, 64, 196, 124, 197, 107, 100, 36, 28, 110, 65, 155, 167, 104, 62, 114, 5, 195, 29, 146, 136, 144, 63, 117, 115, 36, 34, 113, 84, 129, 60, 156, 167, 40, 72, 110, 164, 187, 130, 56, 33, 176, 107]",3
151,151,"[137, 45, 119, 147, 58, 157, 139, 32, 163, 181, 44, 86, 4, 98, 3, 175, 122, 19, 170, 192, 41, 152, 196, 120, 106, 105, 75, 8, 10, 64, 28, 107, 197, 100, 36, 167, 124, 65, 110, 155, 113, 62, 34, 29, 146, 56, 144, 84, 167, 117, 33, 110, 40, 63, 104, 72, 107, 164, 5, 129, 130, 114, 36, 156, 136, 195, 176, 187, 115, 60]",3
152,152,"[137, 122, 105, 196, 98, 58, 152, 10, 120, 170, 8, 157, 147, 75, 181, 163, 45, 19, 64, 106, 139, 44, 192, 41, 175, 119, 32, 86, 3, 4, 100, 107, 155, 197, 65, 110, 36, 167, 124, 28, 114, 146, 60, 167, 104, 176, 113, 164, 72, 130, 29, 62, 115, 63, 129, 156, 144, 110, 36, 117, 84, 56, 34, 107, 5, 136, 40, 33, 187, 195]",3
153,153,"[147, 41, 196, 152, 8, 122, 137, 44, 119, 19, 86, 64, 4, 75, 157, 105, 58, 170, 3, 32, 181, 163, 106, 98, 120, 10, 192, 175, 139, 45, 100, 197, 107, 36, 124, 110, 167, 65, 28, 155, 130, 129, 62, 113, 72, 104, 34, 167, 40, 195, 84, 5, 156, 117, 107, 60, 176, 56, 164, 136, 110, 115, 146, 114, 187, 29, 144, 63, 33, 36]",3
154,154,"[45, 120, 98, 122, 3, 86, 175, 119, 105, 170, 32, 157, 147, 152, 137, 44, 41, 163, 75, 139, 106, 64, 10, 8, 196, 58, 192, 19, 4, 181, 197, 167, 124, 100, 107, 28, 110, 36, 155, 65, 129, 187, 144, 63, 117, 146, 130, 110, 62, 5, 176, 33, 115, 104, 84, 114, 40, 107, 156, 34, 136, 60, 56, 72, 195, 36, 164, 29, 113, 167]",3
155,155,"[192, 4, 175, 58, 45, 120, 41, 170, 8, 139, 196, 181, 10, 75, 86, 119, 44, 122, 163, 3, 32, 98, 106, 157, 137, 152, 64, 19, 105, 147, 65, 28, 100, 167, 36, 155, 197, 107, 110, 124, 195, 104, 156, 40, 144, 34, 176, 117, 114, 167, 63, 36, 146, 56, 60, 84, 29, 187, 33, 164, 113, 130, 72, 129, 110, 5, 115, 62, 136, 107]",3
156,156,"[98, 75, 119, 175, 192, 157, 122, 147, 105, 64, 86, 3, 19, 196, 170, 44, 137, 120, 41, 58, 163, 45, 10, 152, 32, 4, 106, 8, 139, 181, 100, 36, 124, 167, 28, 65, 155, 197, 107, 110, 40, 115, 136, 72, 156, 113, 5, 195, 176, 130, 60, 117, 29, 164, 187, 146, 33, 107, 114, 36, 144, 84, 167, 63, 56, 104, 34, 110, 62, 129]",3
157,157,"[192, 122, 75, 41, 32, 44, 45, 196, 10, 8, 3, 105, 137, 157, 170, 139, 152, 147, 175, 86, 106, 119, 64, 181, 4, 98, 19, 58, 120, 163, 124, 110, 100, 167, 107, 155, 197, 65, 36, 28, 130, 63, 115, 60, 62, 187, 136, 117, 195, 5, 129, 146, 167, 144, 36, 84, 29, 156, 107, 104, 110, 176, 72, 56, 34, 164, 114, 40, 113, 33]",3
158,158,"[192, 157, 122, 86, 147, 152, 41, 106, 196, 119, 58, 175, 19, 4, 3, 8, 163, 10, 120, 181, 98, 139, 32, 44, 75, 170, 45, 64, 105, 137, 197, 107, 167, 65, 124, 36, 110, 28, 155, 100, 36, 60, 130, 84, 104, 195, 5, 167, 113, 62, 29, 144, 136, 164, 110, 115, 40, 114, 56, 34, 63, 129, 107, 117, 156, 146, 72, 176, 33, 187]",3
159,159,"[152, 86, 175, 10, 45, 58, 19, 98, 120, 139, 147, 3, 64, 8, 137, 4, 157, 192, 181, 170, 196, 119, 105, 32, 41, 106, 75, 163, 44, 122, 100, 197, 110, 36, 28, 167, 155, 107, 124, 65, 117, 115, 36, 40, 156, 104, 195, 84, 187, 164, 29, 114, 176, 5, 107, 136, 72, 146, 110, 63, 144, 56, 113, 129, 34, 60, 62, 33, 130, 167]",3
160,160,"[192, 10, 163, 105, 8, 137, 122, 86, 106, 41, 45, 175, 139, 147, 32, 196, 157, 4, 170, 152, 19, 64, 75, 44, 98, 119, 120, 3, 181, 58, 155, 110, 197, 65, 36, 167, 107, 28, 124, 100, 34, 40, 164, 29, 144, 56, 113, 5, 107, 115, 156, 146, 104, 33, 130, 187, 114, 117, 63, 129, 62, 84, 176, 60, 136, 36, 110, 72, 167, 195]",3
161,161,"[44, 196, 170, 98, 41, 75, 139, 58, 181, 175, 10, 192, 64, 4, 106, 147, 3, 8, 120, 19, 86, 163, 119, 122, 152, 105, 32, 45, 157, 137, 36, 197, 124, 155, 167, 107, 100, 110, 28, 65, 129, 56, 114, 144, 63, 136, 60, 84, 164, 113, 33, 110, 104, 36, 146, 156, 187, 29, 167, 34, 72, 117, 40, 195, 115, 176, 107, 130, 62, 5]",3
162,162,"[4, 86, 196, 120, 44, 152, 41, 157, 119, 3, 122, 137, 181, 19, 163, 139, 75, 8, 147, 45, 192, 10, 98, 105, 170, 64, 32, 58, 175, 106, 167, 36, 65, 197, 107, 110, 100, 28, 155, 124, 115, 167, 34, 187, 130, 60, 63, 164, 114, 56, 62, 176, 33, 72, 195, 113, 104, 5, 36, 107, 110, 146, 117, 29, 144, 136, 129, 84, 156, 40]",3
163,163,"[10, 119, 157, 8, 98, 163, 192, 105, 137, 86, 139, 45, 196, 120, 152, 106, 181, 58, 4, 3, 44, 41, 122, 147, 175, 170, 64, 75, 32, 19, 110, 100, 36, 28, 197, 155, 124, 167, 65, 107, 110, 56, 130, 117, 62, 144, 84, 156, 34, 36, 176, 187, 164, 40, 63, 114, 195, 60, 5, 107, 136, 29, 72, 146, 33, 129, 104, 115, 167, 113]",3
164,164,"[45, 119, 4, 170, 32, 175, 41, 58, 152, 122, 106, 10, 163, 137, 105, 64, 120, 157, 75, 44, 139, 19, 98, 86, 181, 8, 196, 3, 192, 147, 28, 107, 124, 36, 65, 167, 197, 155, 110, 100, 176, 110, 167, 62, 84, 195, 146, 63, 33, 156, 36, 56, 104, 40, 29, 187, 117, 60, 114, 113, 115, 164, 72, 130, 136, 5, 144, 107, 34, 129]",3
165,165,"[119, 3, 157, 98, 147, 163, 75, 32, 10, 86, 45, 181, 44, 4, 192, 64, 106, 58, 122, 120, 170, 105, 8, 196, 19, 152, 137, 139, 41, 175, 65, 100, 155, 124, 107, 167, 110, 36, 197, 28, 72, 33, 104, 129, 176, 187, 5, 107, 117, 34, 63, 130, 146, 40, 36, 136, 113, 115, 114, 167, 56, 110, 164, 29, 84, 195, 144, 156, 60, 62]",3
166,166,"[19, 105, 137, 86, 157, 175, 192, 147, 75, 45, 32, 170, 58, 120, 119, 44, 98, 181, 4, 10, 196, 152, 106, 3, 8, 122, 64, 41, 139, 163, 100, 110, 65, 167, 36, 28, 107, 197, 155, 124, 40, 146, 107, 29, 84, 195, 164, 104, 5, 60, 113, 114, 130, 167, 156, 115, 136, 34, 110, 187, 62, 117, 56, 176, 144, 129, 72, 33, 63, 36]",3
167,167,"[119, 3, 106, 170, 86, 192, 196, 19, 64, 8, 45, 139, 122, 137, 120, 163, 105, 41, 147, 98, 44, 181, 4, 157, 175, 58, 32, 152, 75, 10, 155, 197, 100, 28, 110, 124, 107, 65, 36, 167, 113, 33, 176, 129, 62, 72, 195, 146, 117, 40, 104, 34, 107, 164, 115, 167, 60, 36, 84, 136, 144, 187, 114, 63, 29, 156, 130, 56, 5, 110]",3
168,168,"[175, 41, 19, 44, 163, 137, 3, 120, 147, 170, 64, 58, 45, 119, 196, 152, 105, 4, 32, 192, 10, 139, 181, 122, 86, 106, 8, 75, 157, 98, 36, 107, 28, 100, 124, 65, 110, 167, 155, 197, 36, 72, 146, 136, 144, 117, 167, 114, 129, 60, 115, 5, 195, 62, 156, 33, 107, 56, 130, 164, 113, 63, 40, 176, 104, 84, 110, 187, 34, 29]",3
169,169,"[106, 86, 58, 175, 10, 192, 3, 137, 157, 41, 75, 170, 122, 44, 119, 196, 98, 147, 64, 139, 19, 4, 163, 120, 8, 105, 181, 152, 32, 45, 65, 197, 107, 167, 155, 28, 100, 36, 124, 110, 33, 129, 167, 5, 136, 62, 144, 63, 56, 176, 187, 104, 156, 60, 146, 110, 130, 72, 29, 107, 113, 84, 34, 36, 115, 117, 195, 114, 40, 164]",3
170,170,"[196, 44, 175, 75, 122, 3, 98, 4, 163, 181, 192, 106, 10, 147, 152, 86, 32, 119, 120, 170, 157, 19, 64, 139, 45, 105, 8, 137, 58, 41, 65, 28, 124, 100, 110, 36, 167, 197, 155, 107, 115, 144, 84, 195, 40, 33, 129, 104, 117, 107, 63, 62, 167, 136, 72, 187, 130, 110, 60, 114, 164, 146, 5, 34, 29, 36, 56, 176, 113, 156]",3
171,171,"[122, 105, 45, 119, 98, 139, 196, 32, 3, 170, 41, 147, 192, 120, 8, 4, 157, 58, 19, 106, 137, 163, 86, 10, 152, 64, 181, 75, 175, 44, 124, 197, 107, 110, 167, 36, 155, 100, 28, 65, 146, 167, 33, 62, 110, 40, 72, 156, 195, 113, 5, 130, 60, 187, 115, 29, 34, 144, 107, 117, 129, 176, 56, 36, 114, 136, 84, 63, 164, 104]",3
172,172,"[4, 3, 8, 139, 196, 10, 19, 41, 75, 137, 98, 64, 163, 157, 181, 122, 86, 170, 152, 119, 192, 58, 32, 120, 44, 147, 45, 106, 105, 175, 167, 100, 36, 28, 155, 110, 65, 197, 107, 124, 72, 40, 156, 110, 187, 117, 176, 84, 113, 5, 130, 62, 114, 167, 36, 29, 136, 129, 144, 34, 195, 146, 107, 115, 56, 33, 164, 60, 104, 63]",3
173,173,"[75, 44, 32, 192, 41, 119, 120, 98, 170, 147, 157, 3, 64, 139, 163, 105, 181, 137, 45, 196, 152, 10, 8, 122, 106, 4, 86, 19, 58, 175, 197, 107, 65, 36, 28, 167, 100, 124, 110, 155, 72, 167, 110, 62, 146, 84, 129, 60, 195, 5, 130, 34, 117, 107, 187, 136, 33, 40, 164, 63, 104, 36, 115, 114, 56, 113, 156, 29, 176, 144]",3
174,174,"[170, 139, 105, 64, 181, 58, 8, 119, 196, 10, 3, 19, 86, 157, 45, 152, 4, 32, 44, 147, 98, 175, 122, 163, 41, 137, 120, 75, 192, 106, 155, 124, 167, 65, 36, 107, 100, 197, 28, 110, 33, 114, 56, 110, 164, 5, 36, 176, 40, 115, 113, 107, 144, 34, 136, 62, 63, 146, 29, 195, 104, 156, 60, 130, 117, 84, 187, 72, 167, 129]",3
175,175,"[8, 139, 175, 44, 119, 192, 98, 170, 86, 152, 58, 19, 157, 181, 147, 105, 106, 196, 163, 41, 3, 10, 64, 75, 4, 122, 45, 120, 32, 137, 65, 167, 100, 110, 155, 28, 124, 107, 197, 36, 167, 146, 72, 113, 56, 62, 117, 114, 5, 136, 156, 29, 129, 187, 36, 34, 84, 60, 115, 110, 33, 195, 63, 107, 104, 40, 164, 130, 144, 176]",3
176,176,"[147, 4, 157, 19, 170, 120, 75, 3, 86, 64, 10, 122, 139, 163, 45, 152, 181, 119, 58, 98, 44, 175, 105, 192, 41, 106, 32, 196, 137, 8, 110, 36, 124, 107, 100, 167, 155, 65, 197, 28, 34, 62, 115, 56, 187, 176, 136, 40, 130, 5, 129, 146, 144, 113, 195, 72, 33, 29, 167, 63, 60, 156, 107, 36, 104, 117, 84, 164, 114, 110]",3
177,177,"[106, 137, 3, 163, 119, 105, 192, 45, 4, 86, 196, 157, 139, 152, 44, 181, 122, 98, 10, 64, 175, 8, 147, 170, 75, 19, 41, 120, 32, 58, 167, 155, 65, 197, 36, 107, 28, 124, 100, 110, 104, 115, 136, 84, 110, 107, 114, 40, 146, 176, 195, 63, 129, 62, 36, 60, 72, 164, 130, 117, 167, 113, 156, 34, 144, 187, 56, 33, 5, 29]",3
178,178,"[120, 44, 19, 139, 4, 175, 170, 181, 152, 10, 41, 137, 157, 105, 196, 64, 58, 8, 3, 75, 106, 122, 163, 119, 86, 147, 45, 32, 98, 192, 124, 36, 65, 110, 100, 197, 155, 28, 107, 167, 115, 72, 167, 107, 130, 114, 187, 129, 60, 84, 113, 146, 136, 36, 104, 56, 5, 164, 29, 63, 40, 117, 195, 33, 144, 62, 110, 156, 34, 176]",3
179,179,"[157, 152, 98, 10, 119, 58, 196, 147, 192, 175, 86, 44, 19, 32, 106, 170, 3, 181, 105, 137, 120, 64, 41, 45, 163, 75, 4, 122, 139, 8, 167, 28, 155, 110, 124, 197, 100, 107, 65, 36, 176, 146, 36, 113, 40, 56, 104, 156, 144, 117, 164, 72, 136, 107, 167, 63, 34, 114, 84, 29, 33, 195, 130, 115, 110, 187, 129, 5, 60, 62]",3
180,180,"[45, 105, 32, 175, 106, 86, 139, 181, 8, 44, 152, 147, 157, 122, 41, 19, 64, 58, 10, 170, 192, 98, 196, 137, 120, 4, 3, 163, 119, 75, 110, 155, 65, 124, 107, 36, 167, 100, 28, 197, 29, 115, 63, 40, 129, 164, 113, 84, 5, 62, 195, 110, 117, 146, 114, 167, 72, 187, 56, 60, 36, 136, 144, 107, 156, 130, 33, 176, 34, 104]",3
181,181,"[41, 196, 137, 170, 86, 163, 64, 44, 175, 4, 152, 45, 192, 120, 157, 58, 10, 32, 105, 119, 75, 98, 122, 139, 3, 147, 181, 8, 106, 19, 100, 65, 28, 197, 167, 36, 124, 110, 155, 107, 114, 146, 36, 84, 115, 187, 117, 129, 130, 40, 113, 167, 63, 29, 136, 164, 62, 33, 34, 72, 144, 5, 56, 60, 104, 107, 176, 156, 195, 110]",3
182,182,"[86, 163, 175, 58, 106, 181, 120, 45, 8, 170, 147, 10, 98, 122, 4, 139, 44, 19, 75, 41, 196, 105, 119, 3, 152, 32, 192, 157, 137, 64, 107, 100, 167, 28, 36, 65, 155, 197, 124, 110, 104, 114, 84, 34, 5, 187, 113, 156, 167, 115, 176, 195, 144, 110, 117, 164, 29, 60, 63, 33, 136, 56, 40, 146, 107, 72, 130, 129, 62, 36]",3
183,183,"[137, 8, 41, 32, 10, 75, 152, 139, 45, 86, 163, 196, 19, 106, 192, 105, 58, 44, 181, 122, 119, 170, 64, 120, 4, 157, 98, 3, 175, 147, 155, 167, 110, 197, 100, 28, 65, 36, 124, 107, 33, 56, 136, 110, 144, 72, 156, 176, 113, 164, 187, 34, 104, 129, 167, 115, 117, 130, 60, 146, 62, 114, 36, 107, 195, 40, 84, 63, 5, 29]",3
184,184,"[8, 170, 120, 196, 10, 3, 19, 58, 86, 137, 175, 105, 181, 152, 32, 75, 44, 192, 106, 45, 122, 157, 163, 64, 139, 98, 41, 147, 4, 119, 28, 107, 65, 36, 197, 167, 155, 100, 110, 124, 62, 5, 115, 195, 167, 107, 72, 104, 144, 129, 84, 63, 29, 164, 146, 113, 136, 130, 56, 117, 110, 36, 114, 187, 156, 33, 176, 40, 60, 34]",3
185,185,"[4, 75, 120, 41, 196, 170, 8, 10, 98, 86, 119, 181, 137, 3, 45, 122, 175, 139, 157, 163, 152, 105, 58, 32, 147, 19, 192, 44, 64, 106, 107, 197, 155, 65, 28, 100, 124, 110, 36, 167, 62, 130, 144, 114, 56, 167, 36, 187, 29, 40, 72, 164, 110, 60, 136, 117, 176, 84, 104, 5, 63, 33, 129, 115, 113, 195, 156, 146, 34, 107]",3
186,186,"[170, 19, 75, 192, 122, 98, 175, 45, 4, 41, 58, 163, 152, 157, 3, 106, 119, 120, 105, 86, 196, 32, 8, 137, 44, 181, 10, 64, 147, 139, 36, 107, 124, 28, 100, 155, 167, 197, 65, 110, 56, 84, 63, 144, 107, 72, 167, 110, 176, 113, 62, 195, 29, 60, 114, 146, 117, 33, 129, 187, 164, 36, 104, 136, 130, 115, 34, 156, 40, 5]",3
187,187,"[64, 105, 122, 32, 152, 98, 175, 147, 45, 75, 19, 181, 106, 44, 3, 137, 157, 170, 163, 86, 8, 58, 10, 192, 139, 196, 41, 119, 4, 120, 124, 36, 28, 107, 167, 110, 155, 197, 100, 65, 176, 34, 84, 129, 110, 36, 117, 144, 114, 40, 187, 56, 115, 29, 195, 146, 130, 60, 33, 164, 72, 104, 136, 5, 107, 63, 156, 167, 62, 113]",3
188,188,"[120, 196, 75, 44, 98, 86, 175, 106, 19, 45, 181, 139, 122, 32, 163, 58, 147, 3, 64, 170, 157, 8, 119, 137, 192, 41, 152, 4, 10, 105, 124, 110, 65, 197, 155, 100, 167, 28, 107, 36, 167, 29, 114, 107, 117, 34, 33, 113, 5, 146, 36, 164, 56, 60, 156, 115, 136, 63, 84, 187, 72, 144, 129, 40, 110, 176, 104, 130, 62, 195]",3
189,189,"[32, 181, 152, 44, 75, 137, 147, 196, 58, 105, 64, 192, 19, 122, 4, 139, 41, 120, 45, 119, 86, 106, 10, 3, 170, 175, 157, 98, 163, 8, 197, 155, 36, 124, 65, 167, 100, 28, 107, 110, 40, 117, 176, 129, 29, 33, 115, 5, 187, 36, 113, 72, 84, 110, 34, 60, 107, 136, 130, 167, 114, 146, 63, 104, 156, 56, 144, 164, 62, 195]",3
190,190,"[86, 98, 4, 41, 44, 105, 75, 45, 19, 119, 163, 175, 147, 192, 106, 137, 181, 122, 10, 120, 64, 152, 170, 58, 32, 8, 3, 157, 139, 196, 197, 36, 167, 155, 65, 28, 100, 124, 110, 107, 33, 107, 113, 56, 110, 176, 60, 164, 104, 117, 167, 195, 34, 72, 40, 114, 84, 136, 5, 156, 187, 130, 146, 29, 62, 63, 36, 144, 115, 129]",3
191,191,"[170, 19, 122, 75, 8, 45, 41, 106, 3, 147, 4, 64, 32, 196, 163, 181, 120, 105, 58, 192, 119, 10, 44, 157, 175, 98, 86, 139, 152, 137, 107, 197, 28, 167, 100, 124, 36, 65, 110, 155, 144, 110, 72, 114, 104, 29, 164, 187, 136, 5, 117, 62, 56, 146, 167, 84, 40, 113, 107, 36, 60, 115, 195, 34, 176, 130, 33, 129, 156, 63]",3
192,192,"[4, 147, 192, 75, 32, 152, 122, 98, 64, 175, 181, 3, 19, 10, 58, 86, 45, 196, 105, 119, 44, 139, 120, 8, 157, 163, 106, 41, 137, 170, 155, 197, 110, 124, 65, 167, 36, 107, 28, 100, 62, 40, 195, 110, 187, 167, 107, 144, 33, 63, 72, 29, 117, 60, 129, 146, 34, 113, 104, 84, 5, 115, 164, 136, 156, 176, 130, 36, 114, 56]",3
193,193,"[3, 75, 86, 122, 175, 119, 32, 41, 58, 139, 45, 152, 10, 163, 157, 170, 98, 19, 4, 44, 137, 196, 147, 105, 181, 8, 64, 192, 106, 120, 155, 124, 167, 65, 110, 100, 36, 107, 197, 28, 176, 63, 84, 36, 195, 144, 129, 60, 29, 114, 56, 62, 113, 40, 187, 72, 146, 156, 136, 167, 110, 130, 34, 164, 33, 104, 117, 115, 107, 5]",3
194,194,"[4, 86, 106, 122, 19, 45, 196, 64, 163, 181, 44, 75, 41, 120, 147, 152, 32, 10, 137, 3, 157, 58, 119, 175, 170, 8, 139, 192, 98, 105, 36, 100, 65, 167, 197, 155, 107, 28, 124, 110, 117, 63, 136, 113, 144, 164, 110, 167, 29, 115, 156, 84, 129, 146, 34, 72, 130, 60, 114, 5, 176, 195, 36, 107, 56, 104, 187, 40, 62, 33]",3
195,195,"[175, 181, 86, 139, 44, 170, 122, 64, 192, 8, 41, 45, 3, 10, 58, 4, 119, 105, 152, 196, 163, 75, 98, 157, 32, 137, 106, 19, 147, 120, 28, 197, 65, 124, 107, 100, 110, 36, 167, 155, 136, 5, 117, 33, 144, 156, 113, 130, 129, 195, 29, 62, 107, 60, 56, 114, 176, 115, 72, 187, 34, 63, 164, 110, 84, 146, 36, 104, 167, 40]",3
196,196,"[75, 44, 106, 41, 86, 147, 105, 4, 181, 192, 64, 45, 32, 157, 10, 163, 175, 170, 120, 119, 122, 137, 8, 3, 58, 98, 152, 139, 19, 196, 197, 65, 36, 167, 100, 110, 155, 28, 107, 124, 5, 114, 156, 36, 130, 113, 146, 167, 104, 129, 164, 195, 34, 107, 29, 117, 72, 136, 40, 110, 60, 115, 33, 144, 56, 176, 63, 62, 187, 84]",3
197,197,"[163, 152, 32, 139, 86, 119, 8, 170, 10, 106, 45, 98, 3, 175, 157, 105, 64, 137, 75, 192, 196, 44, 181, 41, 120, 147, 4, 58, 122, 19, 65, 167, 100, 36, 155, 28, 197, 124, 107, 110, 63, 146, 164, 113, 110, 187, 29, 167, 129, 176, 115, 60, 104, 40, 34, 114, 33, 56, 5, 195, 130, 84, 156, 107, 136, 117, 62, 72, 144, 36]",3
198,198,"[64, 137, 170, 120, 75, 98, 147, 32, 139, 58, 152, 86, 8, 175, 181, 3, 10, 122, 105, 4, 45, 19, 41, 163, 196, 44, 192, 106, 119, 157, 167, 28, 107, 155, 100, 110, 124, 197, 65, 36, 146, 40, 136, 130, 195, 63, 187, 107, 156, 62, 176, 110, 104, 164, 56, 36, 114, 167, 117, 129, 60, 115, 72, 29, 144, 113, 5, 84, 34, 33]",3
199,199,"[3, 64, 8, 120, 106, 45, 122, 58, 44, 105, 86, 181, 75, 157, 170, 163, 192, 32, 196, 139, 152, 175, 119, 10, 98, 147, 4, 41, 19, 137, 36, 100, 65, 107, 167, 155, 28, 110, 197, 124, 36, 104, 113, 156, 110, 195, 164, 144, 176, 117, 56, 167, 63, 187, 40, 129, 114, 72, 62, 107, 33, 115, 130, 34, 29, 5, 84, 136, 146, 60]",3
200,200,"[196, 98, 41, 120, 32, 122, 157, 175, 75, 64, 8, 119, 170, 58, 3, 139, 86, 152, 19, 106, 105, 4, 147, 163, 44, 192, 45, 137, 10, 181, 28, 65, 100, 124, 110, 197, 36, 167, 155, 107, 29, 195, 72, 156, 40, 130, 164, 5, 84, 115, 107, 136, 110, 63, 146, 167, 117, 114, 144, 60, 113, 187, 36, 33, 62, 129, 176, 104, 34, 56]",3
201,201,"[119, 32, 147, 181, 10, 3, 157, 64, 8, 75, 58, 45, 106, 105, 4, 137, 86, 139, 192, 122, 163, 175, 44, 120, 19, 41, 152, 98, 196, 170, 107, 110, 167, 65, 124, 197, 100, 28, 155, 36, 40, 72, 56, 187, 60, 113, 176, 117, 36, 115, 144, 107, 129, 110, 136, 34, 29, 156, 63, 62, 114, 146, 84, 33, 167, 164, 5, 130, 195, 104]",3
202,202,"[64, 175, 192, 45, 137, 119, 196, 19, 58, 105, 139, 4, 44, 41, 75, 122, 8, 170, 181, 3, 98, 152, 86, 32, 106, 10, 163, 157, 147, 120, 167, 28, 110, 197, 65, 107, 155, 36, 124, 100, 195, 130, 72, 136, 146, 29, 107, 187, 110, 36, 117, 176, 167, 113, 56, 5, 60, 144, 34, 63, 84, 62, 115, 114, 104, 33, 40, 164, 129, 156]",3
203,203,"[8, 147, 58, 157, 139, 152, 175, 45, 181, 86, 105, 192, 196, 75, 64, 41, 3, 19, 44, 4, 120, 170, 137, 122, 163, 119, 32, 98, 10, 106, 65, 167, 36, 197, 28, 107, 100, 124, 155, 110, 29, 113, 34, 167, 136, 176, 60, 104, 72, 40, 5, 129, 84, 33, 156, 144, 164, 107, 36, 130, 114, 146, 110, 115, 187, 56, 117, 63, 62, 195]",3
204,204,"[58, 157, 139, 98, 105, 106, 41, 196, 10, 175, 120, 64, 32, 192, 45, 19, 147, 3, 86, 119, 170, 122, 8, 163, 152, 44, 137, 181, 4, 75, 167, 110, 65, 36, 100, 28, 155, 197, 124, 107, 62, 56, 117, 40, 167, 146, 33, 113, 34, 72, 156, 176, 114, 195, 36, 115, 164, 29, 110, 144, 130, 63, 5, 187, 104, 136, 107, 129, 60, 84]",3
205,205,"[4, 181, 163, 105, 120, 86, 170, 192, 157, 196, 3, 137, 45, 19, 147, 32, 106, 75, 44, 10, 98, 122, 119, 41, 8, 175, 152, 58, 64, 139, 167, 100, 110, 197, 36, 155, 65, 124, 107, 28, 129, 63, 29, 146, 36, 117, 110, 107, 167, 187, 114, 115, 156, 62, 176, 60, 104, 136, 164, 34, 113, 84, 56, 5, 40, 130, 144, 33, 72, 195]",3
206,206,"[157, 86, 106, 147, 41, 105, 58, 32, 181, 170, 44, 3, 4, 119, 10, 64, 120, 192, 98, 139, 19, 163, 8, 196, 122, 75, 152, 45, 175, 137, 36, 124, 110, 197, 65, 28, 155, 167, 100, 107, 187, 115, 130, 164, 167, 29, 40, 56, 63, 34, 113, 5, 110, 129, 84, 114, 117, 60, 144, 36, 107, 104, 33, 176, 72, 146, 195, 156, 136, 62]",3
207,207,"[41, 120, 175, 3, 58, 75, 8, 32, 64, 152, 86, 157, 106, 45, 105, 181, 196, 122, 10, 4, 98, 139, 119, 170, 163, 44, 19, 147, 137, 192, 110, 167, 28, 124, 36, 155, 197, 100, 65, 107, 62, 40, 117, 164, 56, 114, 146, 195, 144, 110, 60, 29, 176, 72, 5, 113, 129, 130, 36, 33, 136, 156, 104, 63, 115, 84, 167, 34, 107, 187]",3
208,208,"[3, 10, 45, 119, 137, 19, 4, 175, 170, 8, 75, 106, 86, 44, 58, 32, 122, 41, 120, 163, 152, 181, 157, 105, 192, 64, 98, 196, 147, 139, 167, 100, 155, 28, 65, 124, 110, 107, 36, 197, 40, 36, 144, 107, 110, 146, 62, 167, 187, 34, 176, 195, 117, 115, 129, 60, 29, 156, 136, 33, 130, 114, 104, 56, 84, 5, 72, 63, 164, 113]",3
209,209,"[45, 175, 4, 75, 86, 44, 58, 157, 152, 196, 41, 10, 32, 105, 122, 64, 98, 120, 106, 137, 8, 147, 19, 139, 163, 192, 181, 170, 3, 119, 167, 65, 155, 110, 197, 124, 107, 28, 36, 100, 144, 156, 40, 33, 60, 146, 62, 187, 107, 110, 56, 84, 72, 5, 195, 129, 176, 164, 130, 115, 29, 36, 136, 117, 114, 34, 63, 113, 167, 104]",3
210,210,"[86, 3, 157, 170, 105, 44, 106, 45, 119, 181, 175, 122, 19, 98, 192, 163, 137, 10, 64, 120, 139, 196, 152, 41, 75, 147, 4, 8, 32, 58, 197, 100, 107, 36, 167, 110, 65, 124, 28, 155, 164, 115, 167, 114, 104, 5, 195, 176, 56, 136, 60, 156, 187, 129, 110, 117, 34, 33, 29, 40, 72, 63, 84, 144, 113, 146, 62, 36, 107, 130]",3
211,211,"[152, 170, 181, 10, 64, 139, 119, 98, 45, 196, 122, 86, 32, 4, 163, 58, 75, 105, 157, 192, 19, 41, 120, 106, 44, 147, 137, 3, 8, 175, 100, 110, 167, 28, 155, 107, 124, 197, 36, 65, 62, 113, 72, 144, 107, 129, 156, 40, 84, 114, 136, 115, 195, 5, 60, 63, 187, 167, 56, 164, 104, 33, 36, 176, 146, 117, 110, 130, 29, 34]",3
212,212,"[139, 41, 175, 137, 19, 4, 147, 120, 58, 170, 163, 152, 10, 157, 75, 8, 98, 64, 86, 3, 119, 181, 122, 105, 45, 106, 32, 196, 44, 192, 155, 110, 65, 28, 167, 197, 36, 124, 100, 107, 195, 110, 72, 144, 84, 63, 115, 113, 156, 5, 176, 164, 146, 129, 33, 167, 34, 187, 40, 114, 60, 117, 56, 36, 130, 104, 29, 62, 136, 107]",3
213,213,"[137, 45, 64, 196, 44, 3, 163, 175, 170, 152, 58, 139, 106, 147, 10, 19, 122, 75, 8, 120, 98, 41, 4, 192, 86, 157, 32, 181, 105, 119, 107, 36, 28, 155, 167, 197, 110, 124, 65, 100, 117, 144, 104, 113, 40, 146, 33, 72, 114, 129, 110, 115, 107, 195, 167, 63, 164, 176, 36, 5, 34, 136, 187, 62, 156, 60, 84, 130, 29, 56]",3
214,214,"[192, 3, 119, 8, 137, 75, 45, 122, 19, 181, 139, 157, 152, 10, 105, 98, 175, 64, 120, 44, 106, 4, 32, 58, 163, 196, 41, 170, 147, 86, 100, 124, 65, 197, 36, 167, 107, 110, 155, 28, 144, 72, 187, 33, 176, 167, 164, 104, 136, 156, 107, 60, 130, 110, 114, 195, 34, 115, 113, 129, 84, 5, 36, 29, 56, 62, 146, 40, 117, 63]",3
215,215,"[192, 8, 3, 119, 45, 106, 10, 163, 137, 58, 175, 32, 120, 75, 19, 41, 4, 152, 139, 196, 86, 147, 44, 98, 64, 122, 170, 181, 105, 157, 155, 36, 167, 28, 110, 107, 124, 197, 100, 65, 5, 34, 107, 114, 110, 36, 144, 56, 113, 40, 164, 195, 84, 129, 115, 33, 176, 167, 156, 62, 187, 104, 72, 117, 136, 63, 60, 29, 146, 130]",3
216,216,"[139, 86, 120, 119, 4, 75, 8, 137, 175, 192, 58, 181, 196, 157, 122, 44, 64, 45, 163, 19, 32, 147, 10, 152, 41, 106, 105, 98, 3, 170, 110, 36, 28, 100, 167, 155, 124, 107, 197, 65, 144, 113, 195, 164, 40, 117, 129, 5, 107, 34, 63, 187, 167, 136, 110, 115, 104, 60, 176, 114, 56, 84, 146, 33, 130, 29, 36, 62, 72, 156]",3
217,217,"[86, 41, 192, 10, 196, 120, 45, 157, 106, 139, 64, 137, 44, 175, 181, 4, 105, 19, 122, 58, 98, 75, 119, 170, 163, 32, 147, 152, 8, 3, 100, 65, 28, 124, 107, 36, 167, 110, 155, 197, 40, 72, 63, 130, 164, 29, 107, 110, 113, 117, 129, 33, 104, 176, 195, 84, 36, 167, 187, 115, 136, 144, 156, 5, 60, 34, 114, 56, 146, 62]",3
218,218,"[152, 45, 175, 75, 147, 170, 119, 120, 19, 139, 105, 192, 196, 8, 157, 106, 122, 10, 163, 64, 4, 3, 181, 41, 58, 86, 137, 32, 98, 44, 197, 100, 110, 28, 167, 155, 107, 65, 36, 124, 117, 107, 195, 144, 29, 62, 114, 33, 5, 40, 110, 167, 136, 104, 113, 129, 156, 84, 146, 130, 164, 60, 72, 34, 63, 115, 36, 187, 176, 56]",3
219,219,"[192, 196, 58, 8, 75, 147, 44, 3, 106, 10, 4, 175, 163, 32, 137, 122, 120, 105, 86, 152, 119, 98, 19, 170, 139, 41, 64, 181, 45, 157, 100, 124, 107, 65, 28, 110, 36, 197, 155, 167, 156, 113, 115, 144, 56, 110, 164, 167, 72, 129, 33, 104, 114, 176, 40, 187, 195, 34, 146, 62, 84, 117, 36, 107, 60, 63, 5, 130, 29, 136]",3
220,220,"[181, 75, 147, 196, 58, 175, 122, 44, 137, 120, 139, 10, 192, 8, 32, 19, 4, 157, 106, 3, 170, 45, 86, 163, 98, 64, 152, 105, 119, 41, 65, 124, 197, 100, 155, 110, 36, 28, 167, 107, 56, 40, 34, 195, 176, 156, 113, 167, 144, 29, 164, 63, 107, 115, 146, 104, 60, 5, 84, 62, 130, 117, 114, 33, 36, 110, 187, 136, 72, 129]",3
221,221,"[152, 86, 75, 10, 147, 137, 8, 157, 98, 170, 44, 19, 45, 120, 32, 64, 163, 196, 105, 4, 119, 139, 41, 3, 122, 192, 181, 175, 58, 106, 28, 100, 107, 65, 155, 197, 167, 110, 36, 124, 60, 130, 40, 107, 84, 195, 113, 117, 72, 187, 110, 156, 167, 34, 5, 115, 114, 164, 136, 146, 129, 29, 63, 144, 62, 33, 176, 36, 104, 56]",3
222,222,"[137, 163, 147, 181, 64, 105, 152, 32, 44, 170, 120, 45, 196, 58, 8, 19, 4, 86, 3, 192, 139, 106, 122, 41, 10, 119, 75, 98, 175, 157, 110, 197, 155, 28, 36, 167, 107, 65, 100, 124, 115, 62, 129, 56, 146, 136, 110, 34, 60, 107, 167, 113, 144, 187, 156, 5, 84, 176, 164, 104, 117, 40, 36, 114, 29, 130, 33, 63, 195, 72]",3
223,223,"[139, 8, 170, 157, 32, 122, 44, 152, 119, 196, 86, 105, 147, 58, 181, 4, 120, 64, 163, 19, 175, 137, 41, 3, 75, 106, 98, 192, 10, 45, 197, 28, 100, 155, 124, 107, 110, 167, 65, 36, 176, 114, 129, 195, 164, 33, 156, 113, 167, 130, 110, 117, 146, 40, 34, 187, 136, 56, 62, 36, 115, 107, 144, 84, 5, 63, 60, 104, 72, 29]",3
224,224,"[105, 152, 75, 122, 192, 44, 98, 3, 58, 120, 119, 45, 181, 139, 137, 19, 147, 163, 196, 4, 10, 175, 64, 32, 86, 170, 106, 41, 8, 157, 124, 197, 28, 107, 155, 65, 110, 167, 36, 100, 63, 36, 110, 115, 176, 144, 34, 56, 130, 107, 167, 195, 146, 187, 84, 40, 156, 117, 113, 60, 104, 129, 164, 5, 29, 114, 33, 62, 136, 72]",3
225,225,"[64, 147, 105, 120, 181, 41, 19, 98, 3, 58, 122, 170, 137, 157, 4, 44, 163, 175, 86, 106, 45, 192, 8, 152, 75, 196, 139, 119, 10, 32, 65, 124, 107, 28, 110, 197, 36, 155, 100, 167, 107, 34, 5, 60, 115, 40, 187, 36, 144, 113, 33, 104, 63, 84, 164, 195, 176, 130, 136, 114, 110, 167, 156, 129, 29, 56, 62, 146, 117, 72]",3
226,226,"[170, 4, 147, 137, 45, 3, 181, 152, 175, 32, 98, 105, 86, 10, 106, 157, 120, 44, 19, 8, 196, 64, 119, 41, 139, 192, 75, 163, 122, 58, 65, 167, 124, 155, 110, 28, 36, 107, 197, 100, 144, 36, 107, 113, 84, 176, 136, 187, 72, 146, 195, 33, 114, 62, 110, 117, 63, 56, 29, 60, 130, 129, 5, 167, 40, 34, 115, 156, 104, 164]",3
227,227,"[41, 98, 44, 152, 3, 192, 86, 32, 10, 75, 163, 196, 119, 8, 64, 122, 120, 45, 137, 58, 106, 170, 157, 4, 181, 175, 19, 147, 105, 139, 100, 167, 65, 28, 124, 155, 110, 197, 107, 36, 29, 33, 176, 56, 146, 62, 5, 115, 164, 60, 136, 113, 187, 63, 130, 72, 36, 195, 40, 117, 114, 107, 84, 167, 144, 129, 110, 104, 156, 34]",3
228,228,"[137, 58, 44, 105, 163, 139, 120, 157, 147, 86, 75, 32, 119, 19, 192, 175, 3, 152, 181, 170, 45, 122, 98, 196, 10, 8, 4, 106, 41, 64, 100, 197, 107, 110, 65, 155, 124, 28, 167, 36, 144, 117, 104, 195, 136, 33, 114, 40, 60, 156, 34, 29, 130, 63, 167, 164, 56, 5, 115, 146, 187, 107, 110, 36, 129, 113, 176, 72, 62, 84]",3
229,229,"[58, 163, 86, 105, 32, 45, 122, 120, 75, 98, 152, 137, 139, 147, 119, 41, 170, 157, 181, 192, 8, 196, 175, 4, 10, 106, 19, 64, 44, 3, 167, 36, 28, 107, 124, 110, 65, 197, 155, 100, 129, 5, 146, 117, 187, 167, 195, 62, 113, 114, 104, 63, 60, 33, 56, 34, 115, 72, 144, 84, 110, 136, 36, 130, 176, 40, 164, 107, 29, 156]",3
230,230,"[170, 157, 192, 120, 175, 19, 152, 45, 98, 86, 44, 3, 147, 122, 4, 58, 119, 139, 32, 41, 105, 10, 163, 137, 64, 75, 181, 106, 8, 196, 155, 124, 28, 107, 110, 167, 197, 65, 36, 100, 187, 62, 117, 63, 176, 36, 5, 115, 130, 146, 40, 34, 60, 84, 33, 114, 167, 110, 164, 136, 144, 195, 104, 129, 56, 29, 72, 156, 107, 113]",3
231,231,"[106, 75, 119, 19, 98, 175, 192, 181, 8, 32, 58, 41, 64, 44, 196, 3, 86, 157, 137, 163, 120, 45, 105, 122, 4, 147, 152, 10, 139, 170, 124, 197, 36, 110, 100, 167, 28, 107, 155, 65, 33, 130, 187, 146, 114, 117, 107, 195, 176, 129, 5, 29, 62, 104, 136, 34, 56, 36, 156, 72, 164, 60, 144, 63, 115, 40, 110, 167, 113, 84]",3
232,232,"[196, 106, 3, 45, 163, 98, 192, 152, 86, 147, 8, 19, 10, 44, 157, 32, 181, 75, 139, 4, 120, 137, 122, 41, 64, 175, 105, 119, 170, 58, 155, 110, 124, 107, 28, 36, 197, 167, 100, 65, 164, 130, 72, 115, 117, 195, 107, 34, 33, 187, 146, 36, 84, 136, 144, 63, 110, 60, 5, 156, 104, 62, 40, 29, 176, 113, 114, 129, 167, 56]",3
233,233,"[58, 147, 32, 170, 86, 175, 139, 181, 10, 137, 8, 45, 75, 122, 3, 196, 106, 163, 105, 119, 44, 192, 4, 152, 120, 19, 64, 157, 98, 41, 124, 28, 155, 107, 36, 167, 65, 110, 100, 197, 62, 60, 117, 84, 72, 5, 40, 63, 115, 114, 156, 129, 110, 107, 144, 34, 195, 36, 187, 176, 56, 33, 146, 136, 113, 167, 164, 104, 130, 29]",3
234,234,"[58, 75, 4, 163, 64, 147, 119, 196, 10, 170, 45, 98, 3, 8, 175, 19, 105, 181, 32, 137, 152, 139, 44, 86, 122, 192, 41, 157, 120, 106, 110, 167, 36, 124, 155, 65, 197, 28, 107, 100, 84, 129, 33, 113, 187, 5, 107, 164, 195, 130, 115, 34, 72, 56, 176, 62, 63, 117, 36, 146, 156, 110, 114, 144, 29, 60, 40, 167, 136, 104]",3
235,235,"[137, 152, 163, 75, 147, 19, 3, 4, 86, 98, 58, 32, 44, 175, 120, 45, 119, 181, 192, 157, 64, 170, 10, 105, 196, 139, 106, 41, 8, 122, 155, 110, 65, 36, 100, 124, 28, 167, 107, 197, 176, 195, 62, 72, 56, 114, 115, 84, 107, 117, 104, 5, 136, 130, 60, 34, 164, 167, 156, 63, 146, 33, 40, 110, 129, 144, 36, 113, 187, 29]",3
236,236,"[175, 75, 196, 120, 10, 139, 86, 119, 192, 4, 45, 106, 181, 137, 98, 157, 64, 58, 147, 19, 32, 152, 163, 41, 3, 170, 122, 105, 8, 44, 110, 197, 167, 65, 107, 28, 155, 36, 124, 100, 187, 107, 110, 156, 33, 36, 115, 63, 84, 40, 113, 114, 176, 164, 56, 62, 5, 72, 136, 195, 34, 117, 129, 104, 60, 144, 130, 167, 146, 29]",3
237,237,"[75, 41, 192, 181, 120, 58, 45, 98, 105, 19, 44, 170, 147, 8, 163, 86, 122, 119, 32, 106, 3, 175, 4, 196, 139, 10, 157, 152, 137, 64, 107, 124, 65, 100, 110, 155, 36, 28, 197, 167, 114, 195, 176, 187, 29, 5, 107, 84, 104, 156, 115, 40, 56, 110, 146, 33, 117, 167, 60, 136, 36, 129, 62, 63, 164, 34, 113, 130, 72, 144]",3
238,238,"[163, 10, 175, 58, 137, 181, 44, 32, 8, 19, 157, 75, 105, 64, 106, 152, 196, 41, 170, 4, 192, 122, 45, 139, 119, 98, 120, 86, 3, 147, 110, 124, 65, 197, 36, 28, 155, 100, 107, 167, 164, 146, 176, 40, 113, 62, 63, 129, 104, 72, 56, 60, 167, 5, 130, 34, 115, 156, 110, 84, 36, 107, 29, 136, 144, 195, 187, 33, 114, 117]",3
239,239,"[157, 45, 192, 64, 152, 106, 58, 105, 137, 19, 120, 86, 4, 32, 139, 3, 170, 181, 44, 119, 163, 196, 8, 75, 175, 122, 98, 147, 41, 10, 124, 167, 36, 28, 65, 155, 100, 197, 110, 107, 56, 72, 136, 29, 167, 130, 164, 110, 187, 36, 34, 5, 115, 117, 62, 195, 113, 146, 63, 114, 33, 104, 40, 176, 60, 144, 107, 156, 84, 129]",3
240,240,"[58, 137, 170, 4, 98, 147, 106, 8, 3, 119, 64, 157, 86, 192, 105, 32, 175, 122, 196, 152, 44, 41, 10, 45, 75, 181, 120, 139, 163, 19, 36, 167, 28, 100, 124, 107, 197, 110, 65, 155, 56, 110, 146, 195, 113, 156, 167, 34, 129, 117, 63, 187, 36, 33, 176, 104, 5, 40, 144, 115, 29, 72, 114, 107, 60, 84, 62, 164, 136, 130]",3
241,241,"[181, 98, 120, 4, 157, 44, 119, 3, 32, 170, 19, 10, 147, 58, 75, 152, 41, 122, 45, 175, 137, 86, 106, 192, 64, 139, 196, 163, 8, 105, 124, 197, 28, 100, 65, 167, 107, 155, 110, 36, 29, 34, 146, 5, 156, 113, 62, 72, 110, 36, 40, 195, 130, 56, 129, 164, 136, 144, 84, 167, 60, 187, 104, 107, 63, 176, 117, 115, 114, 33]",3
242,242,"[58, 175, 105, 41, 119, 44, 45, 106, 181, 3, 98, 4, 122, 157, 8, 86, 137, 196, 64, 19, 32, 152, 147, 192, 120, 10, 170, 163, 139, 75, 28, 65, 155, 100, 107, 110, 167, 36, 124, 197, 63, 5, 84, 104, 113, 34, 60, 164, 33, 156, 176, 72, 117, 29, 62, 144, 167, 146, 136, 130, 195, 110, 129, 187, 107, 56, 40, 115, 36, 114]",3
243,243,"[196, 19, 58, 86, 8, 32, 152, 4, 45, 105, 3, 98, 170, 122, 181, 44, 119, 120, 75, 139, 10, 175, 41, 137, 157, 192, 106, 64, 147, 163, 197, 100, 65, 124, 167, 28, 110, 36, 107, 155, 156, 130, 104, 115, 29, 146, 33, 117, 72, 110, 195, 40, 62, 113, 164, 36, 63, 5, 136, 60, 114, 107, 144, 167, 129, 34, 56, 176, 187, 84]",3
244,244,"[163, 192, 41, 10, 8, 196, 58, 32, 19, 139, 4, 3, 120, 175, 157, 98, 152, 75, 106, 86, 45, 122, 181, 119, 105, 64, 170, 147, 44, 137, 107, 36, 167, 124, 155, 197, 65, 100, 110, 28, 114, 34, 29, 167, 72, 36, 136, 62, 107, 104, 176, 115, 187, 5, 113, 195, 146, 40, 117, 156, 164, 33, 144, 63, 130, 110, 129, 56, 60, 84]",3
245,245,"[119, 98, 181, 105, 41, 8, 147, 4, 58, 170, 32, 86, 175, 45, 44, 19, 196, 139, 120, 122, 192, 106, 10, 64, 3, 137, 163, 152, 157, 75, 65, 124, 197, 167, 155, 107, 100, 36, 28, 110, 144, 63, 113, 33, 110, 107, 104, 72, 34, 115, 60, 167, 176, 62, 164, 114, 29, 136, 146, 156, 84, 129, 187, 56, 130, 36, 40, 195, 117, 5]",3
246,246,"[120, 139, 196, 64, 32, 157, 106, 192, 152, 98, 75, 45, 4, 3, 122, 170, 137, 19, 119, 10, 58, 86, 181, 175, 147, 8, 44, 105, 41, 163, 197, 124, 107, 36, 100, 167, 155, 110, 65, 28, 187, 176, 72, 107, 136, 130, 63, 62, 146, 144, 60, 195, 36, 104, 114, 117, 84, 156, 5, 110, 33, 29, 129, 40, 167, 56, 34, 113, 164, 115]",3
247,247,"[19, 8, 32, 139, 3, 41, 58, 170, 75, 119, 98, 4, 105, 147, 196, 137, 122, 181, 157, 192, 120, 106, 64, 86, 10, 44, 152, 175, 45, 163, 124, 155, 197, 110, 36, 107, 100, 28, 167, 65, 167, 113, 187, 144, 60, 176, 63, 5, 195, 33, 36, 56, 130, 84, 156, 40, 34, 110, 107, 117, 29, 114, 72, 129, 104, 115, 62, 136, 164, 146]",3
248,248,"[86, 19, 32, 122, 137, 98, 4, 120, 75, 192, 41, 105, 58, 170, 106, 45, 44, 152, 196, 157, 147, 10, 64, 8, 139, 181, 163, 3, 119, 175, 107, 124, 65, 167, 36, 197, 110, 155, 28, 100, 144, 5, 136, 29, 60, 36, 129, 40, 146, 62, 63, 33, 130, 187, 104, 113, 167, 114, 156, 84, 107, 115, 56, 110, 195, 34, 117, 164, 72, 176]",3
249,249,"[105, 41, 157, 44, 32, 137, 75, 120, 119, 147, 19, 139, 98, 3, 4, 45, 10, 175, 8, 170, 196, 163, 58, 152, 192, 106, 64, 181, 122, 86, 28, 65, 124, 155, 197, 110, 36, 167, 107, 100, 176, 84, 130, 167, 195, 60, 187, 110, 146, 107, 115, 136, 113, 36, 33, 56, 104, 40, 129, 144, 114, 63, 164, 62, 117, 29, 5, 34, 156, 72]",3
250,250,"[3, 41, 8, 122, 10, 44, 32, 4, 86, 64, 181, 147, 170, 157, 196, 45, 192, 75, 119, 139, 175, 19, 98, 58, 152, 120, 106, 163, 105, 137, 197, 65, 155, 100, 124, 36, 107, 167, 28, 110, 176, 72, 33, 34, 62, 167, 136, 107, 5, 156, 114, 130, 60, 104, 164, 195, 36, 84, 29, 40, 144, 146, 113, 117, 187, 110, 63, 115, 129, 56]",3
251,251,"[98, 64, 152, 175, 4, 75, 181, 8, 120, 41, 106, 3, 58, 157, 86, 44, 19, 32, 196, 10, 137, 147, 45, 139, 192, 163, 170, 122, 119, 105, 100, 65, 28, 167, 107, 110, 36, 197, 124, 155, 34, 156, 33, 36, 164, 176, 114, 5, 115, 84, 56, 146, 62, 60, 195, 29, 72, 107, 167, 144, 117, 104, 40, 187, 136, 113, 130, 63, 110, 129]",3
252,252,"[147, 163, 196, 119, 105, 41, 58, 45, 8, 170, 157, 75, 10, 44, 98, 106, 4, 120, 86, 19, 181, 64, 175, 192, 152, 122, 3, 32, 139, 137, 110, 155, 28, 107, 36, 167, 197, 124, 65, 100, 136, 72, 36, 164, 62, 5, 40, 56, 60, 117, 29, 34, 107, 176, 84, 110, 104, 167, 115, 63, 146, 156, 113, 187, 144, 129, 195, 33, 130, 114]",3
253,253,"[10, 4, 119, 181, 44, 3, 19, 45, 137, 105, 139, 175, 32, 64, 157, 41, 58, 86, 120, 163, 106, 152, 196, 192, 170, 122, 147, 8, 98, 75, 28, 167, 124, 65, 36, 197, 155, 100, 107, 110, 62, 114, 33, 107, 60, 156, 110, 164, 36, 40, 117, 144, 72, 187, 34, 29, 84, 113, 195, 146, 104, 129, 136, 115, 5, 56, 167, 63, 130, 176]",3
254,254,"[192, 152, 98, 41, 4, 106, 163, 10, 175, 157, 32, 86, 44, 3, 119, 8, 181, 105, 64, 45, 120, 196, 75, 137, 19, 58, 139, 147, 122, 170, 36, 110, 107, 197, 167, 65, 155, 28, 100, 124, 144, 113, 176, 115, 104, 84, 29, 63, 33, 72, 60, 146, 136, 187, 117, 36, 56, 114, 130, 110, 40, 62, 107, 5, 167, 156, 164, 195, 129, 34]",3
255,255,"[58, 45, 32, 147, 196, 41, 120, 4, 163, 139, 137, 119, 19, 152, 122, 3, 8, 75, 106, 192, 10, 157, 86, 181, 98, 175, 105, 170, 44, 64, 124, 100, 155, 167, 110, 107, 28, 197, 65, 36, 117, 136, 146, 56, 113, 110, 144, 72, 104, 115, 187, 107, 176, 62, 29, 84, 34, 114, 33, 129, 36, 130, 156, 167, 195, 63, 5, 40, 60, 164]",3
256,256,"[170, 86, 19, 64, 41, 98, 3, 137, 139, 122, 105, 106, 163, 32, 58, 175, 196, 181, 10, 75, 4, 152, 45, 147, 8, 119, 192, 120, 44, 157, 100, 110, 155, 65, 124, 107, 197, 167, 36, 28, 130, 114, 113, 62, 136, 33, 164, 144, 72, 104, 29, 36, 167, 107, 40, 63, 117, 156, 56, 187, 146, 60, 195, 34, 5, 84, 129, 176, 115, 110]",3
257,257,"[196, 147, 157, 105, 44, 163, 19, 86, 45, 41, 106, 120, 75, 192, 98, 10, 32, 122, 3, 119, 4, 58, 170, 181, 139, 137, 175, 64, 8, 152, 155, 107, 167, 36, 28, 110, 65, 124, 197, 100, 164, 56, 130, 113, 117, 107, 195, 34, 33, 29, 63, 156, 62, 110, 60, 114, 136, 176, 5, 72, 115, 146, 40, 187, 36, 104, 129, 144, 84, 167]",3
258,258,"[170, 4, 44, 192, 147, 163, 98, 75, 19, 32, 105, 157, 10, 64, 58, 106, 152, 8, 137, 86, 139, 122, 45, 120, 175, 41, 3, 196, 181, 119, 124, 36, 197, 155, 28, 65, 100, 110, 167, 107, 36, 129, 62, 29, 104, 72, 136, 33, 144, 156, 60, 187, 34, 56, 84, 164, 117, 115, 195, 146, 130, 63, 110, 40, 107, 114, 5, 113, 176, 167]",3
259,259,"[32, 105, 120, 152, 75, 163, 8, 119, 41, 86, 170, 44, 10, 106, 45, 181, 175, 98, 196, 122, 157, 192, 4, 19, 137, 58, 147, 139, 3, 64, 124, 197, 107, 167, 155, 65, 100, 36, 110, 28, 63, 156, 187, 56, 195, 146, 136, 84, 29, 114, 115, 5, 107, 33, 144, 36, 110, 72, 40, 167, 62, 164, 113, 117, 60, 130, 129, 34, 104, 176]",3
260,260,"[32, 75, 86, 147, 157, 44, 152, 8, 119, 196, 98, 41, 137, 163, 19, 139, 192, 120, 105, 58, 45, 64, 4, 181, 175, 122, 10, 3, 170, 106, 110, 124, 100, 197, 28, 107, 36, 167, 65, 155, 63, 187, 33, 176, 107, 114, 104, 113, 60, 164, 136, 144, 36, 84, 115, 167, 195, 72, 56, 129, 146, 110, 29, 62, 40, 5, 130, 117, 34, 156]",3
261,261,"[75, 196, 8, 10, 122, 147, 41, 19, 120, 86, 98, 105, 163, 32, 119, 137, 181, 58, 192, 44, 170, 175, 3, 157, 106, 152, 64, 45, 139, 4, 197, 36, 28, 155, 110, 124, 107, 167, 100, 65, 29, 130, 60, 187, 62, 167, 114, 104, 110, 176, 107, 72, 40, 36, 84, 129, 117, 195, 5, 146, 144, 63, 33, 56, 164, 113, 156, 34, 115, 136]",3
262,262,"[196, 8, 192, 120, 175, 58, 119, 157, 86, 163, 4, 170, 19, 106, 137, 45, 44, 75, 98, 105, 147, 139, 3, 10, 152, 122, 32, 181, 41, 64, 36, 65, 167, 110, 107, 155, 197, 28, 124, 100, 72, 187, 5, 113, 56, 129, 146, 136, 34, 84, 130, 33, 60, 29, 144, 167, 63, 117, 156, 104, 164, 195, 176, 110, 114, 62, 115, 40, 36, 107]",3
263,263,"[152, 105, 41, 139, 44, 163, 170, 157, 196, 8, 75, 122, 64, 86, 192, 32, 106, 19, 181, 58, 4, 10, 45, 3, 175, 120, 119, 98, 137, 147, 110, 197, 155, 167, 100, 36, 107, 124, 28, 65, 62, 36, 34, 72, 156, 113, 115, 164, 104, 40, 117, 110, 144, 56, 167, 146, 33, 84, 63, 107, 187, 29, 176, 60, 130, 129, 114, 136, 5, 195]",3
264,264,"[10, 196, 163, 157, 41, 120, 86, 122, 19, 192, 64, 106, 58, 98, 181, 119, 139, 137, 44, 147, 75, 175, 8, 3, 152, 4, 45, 170, 32, 105, 167, 110, 28, 197, 36, 65, 100, 155, 107, 124, 115, 164, 72, 104, 114, 113, 136, 33, 176, 40, 63, 144, 187, 62, 156, 36, 130, 110, 107, 60, 29, 167, 5, 129, 56, 84, 34, 146, 117, 195]",3
265,265,"[192, 175, 98, 163, 181, 119, 41, 86, 58, 152, 196, 4, 19, 32, 105, 44, 75, 147, 3, 137, 120, 64, 106, 170, 122, 45, 8, 157, 139, 10, 110, 155, 36, 124, 100, 28, 167, 65, 197, 107, 29, 114, 60, 144, 33, 34, 167, 72, 40, 156, 130, 113, 62, 107, 136, 36, 187, 84, 164, 56, 117, 146, 195, 63, 176, 5, 115, 110, 129, 104]",3
266,266,"[163, 139, 122, 196, 41, 105, 170, 157, 8, 45, 64, 19, 32, 75, 137, 152, 4, 106, 58, 147, 86, 120, 98, 10, 175, 119, 192, 3, 44, 181, 100, 167, 107, 197, 155, 65, 36, 124, 28, 110, 62, 104, 113, 136, 110, 114, 5, 167, 40, 34, 176, 29, 195, 33, 60, 107, 187, 156, 72, 63, 146, 84, 164, 56, 115, 129, 36, 130, 117, 144]",3
267,267,"[192, 106, 98, 147, 4, 119, 181, 196, 44, 32, 45, 175, 10, 137, 19, 41, 152, 64, 75, 157, 139, 3, 170, 58, 163, 86, 105, 120, 122, 8, 167, 107, 110, 100, 65, 124, 155, 36, 28, 197, 40, 34, 56, 114, 33, 195, 156, 5, 113, 110, 60, 36, 146, 167, 136, 129, 187, 29, 62, 164, 117, 115, 130, 63, 107, 72, 176, 104, 144, 84]",3
268,268,"[192, 106, 19, 119, 181, 3, 105, 4, 147, 86, 64, 8, 163, 75, 175, 152, 157, 44, 170, 122, 41, 98, 10, 196, 45, 58, 32, 139, 137, 120, 65, 107, 110, 124, 28, 167, 197, 155, 100, 36, 34, 114, 5, 187, 104, 195, 146, 130, 167, 62, 84, 72, 33, 113, 40, 156, 36, 115, 29, 60, 136, 110, 107, 129, 164, 176, 117, 63, 56, 144]",3
269,269,"[163, 3, 10, 106, 137, 122, 58, 157, 64, 8, 105, 181, 175, 192, 41, 86, 75, 120, 152, 19, 44, 147, 119, 196, 4, 170, 32, 139, 98, 45, 110, 100, 28, 155, 124, 107, 65, 36, 167, 197, 146, 156, 113, 117, 84, 29, 72, 56, 104, 63, 34, 130, 36, 144, 33, 167, 5, 195, 129, 136, 187, 176, 60, 40, 115, 114, 62, 110, 164, 107]",3
270,270,"[75, 181, 8, 170, 98, 64, 45, 3, 120, 192, 44, 32, 58, 139, 157, 147, 137, 4, 86, 119, 196, 10, 122, 19, 175, 41, 105, 106, 152, 163, 107, 28, 100, 167, 110, 124, 155, 36, 65, 197, 167, 36, 129, 107, 144, 60, 72, 34, 136, 63, 187, 114, 40, 29, 62, 156, 56, 113, 164, 195, 117, 104, 176, 33, 110, 130, 146, 5, 115, 84]",3
271,271,"[181, 152, 105, 147, 139, 175, 192, 64, 86, 122, 4, 120, 19, 163, 119, 98, 75, 170, 10, 3, 196, 45, 41, 44, 157, 32, 58, 8, 137, 106, 36, 65, 124, 28, 155, 197, 110, 107, 100, 167, 40, 62, 167, 187, 117, 63, 164, 5, 156, 176, 84, 129, 144, 130, 136, 29, 36, 33, 110, 114, 146, 60, 72, 34, 113, 107, 56, 115, 104, 195]",3
272,272,"[152, 120, 106, 41, 45, 139, 170, 98, 10, 192, 157, 137, 4, 147, 122, 75, 181, 196, 44, 119, 8, 58, 64, 19, 175, 3, 163, 32, 86, 105, 167, 124, 197, 65, 110, 155, 28, 36, 107, 100, 167, 60, 136, 63, 62, 130, 144, 72, 33, 5, 40, 164, 29, 113, 104, 117, 84, 176, 115, 34, 110, 129, 146, 36, 114, 195, 187, 56, 156, 107]",3
273,273,"[196, 98, 4, 120, 45, 152, 170, 147, 175, 44, 86, 122, 75, 58, 139, 10, 157, 163, 3, 8, 119, 19, 192, 181, 105, 64, 32, 137, 41, 106, 100, 110, 167, 107, 155, 28, 36, 124, 65, 197, 60, 144, 167, 107, 117, 129, 104, 34, 136, 115, 36, 156, 62, 56, 146, 164, 33, 114, 110, 63, 84, 187, 113, 195, 5, 29, 72, 40, 176, 130]",3
274,274,"[3, 120, 75, 181, 10, 8, 170, 32, 44, 147, 192, 163, 19, 45, 175, 58, 139, 119, 196, 98, 4, 152, 105, 41, 86, 137, 106, 157, 122, 64, 124, 110, 107, 155, 197, 100, 36, 28, 65, 167, 63, 33, 56, 114, 117, 5, 72, 146, 29, 167, 113, 36, 60, 144, 195, 156, 104, 110, 40, 62, 115, 129, 176, 107, 187, 164, 34, 130, 136, 84]",3
275,275,"[58, 181, 152, 64, 170, 137, 4, 8, 41, 157, 75, 196, 122, 139, 86, 120, 147, 119, 32, 10, 44, 175, 98, 19, 45, 163, 3, 106, 105, 192, 100, 124, 107, 28, 167, 110, 36, 155, 65, 197, 187, 29, 167, 114, 62, 115, 195, 40, 113, 129, 60, 63, 136, 107, 176, 84, 130, 34, 104, 36, 144, 33, 146, 5, 117, 156, 56, 110, 164, 72]",3
276,276,"[163, 147, 86, 106, 32, 4, 45, 41, 64, 137, 105, 196, 10, 120, 157, 175, 19, 192, 98, 170, 181, 44, 139, 75, 58, 119, 122, 3, 8, 152, 36, 155, 110, 65, 28, 167, 197, 107, 124, 100, 114, 187, 110, 56, 146, 84, 104, 144, 72, 115, 34, 164, 167, 36, 129, 117, 5, 29, 136, 113, 176, 60, 156, 130, 195, 40, 62, 33, 107, 63]",3
277,277,"[152, 3, 181, 45, 139, 8, 19, 192, 170, 157, 163, 175, 10, 196, 147, 58, 98, 137, 41, 120, 4, 106, 75, 44, 64, 86, 105, 119, 122, 32, 65, 107, 110, 124, 155, 197, 167, 36, 100, 28, 167, 110, 113, 115, 34, 56, 176, 146, 62, 33, 36, 187, 63, 164, 114, 129, 156, 144, 104, 84, 195, 107, 72, 29, 117, 5, 40, 130, 60, 136]",3
278,278,"[8, 45, 75, 181, 122, 147, 105, 137, 163, 44, 139, 170, 64, 58, 19, 41, 10, 4, 86, 32, 3, 106, 119, 98, 175, 192, 196, 120, 157, 152, 28, 107, 100, 197, 124, 36, 167, 110, 65, 155, 72, 36, 146, 40, 62, 156, 104, 33, 5, 176, 63, 56, 117, 115, 60, 136, 195, 113, 110, 144, 107, 84, 34, 164, 129, 167, 130, 187, 114, 29]",3
279,279,"[196, 98, 119, 58, 170, 137, 105, 147, 64, 75, 45, 32, 192, 44, 163, 3, 19, 157, 152, 106, 86, 122, 181, 175, 8, 120, 4, 10, 41, 139, 100, 197, 124, 155, 110, 167, 36, 28, 107, 65, 56, 114, 84, 104, 72, 115, 144, 176, 195, 34, 113, 129, 63, 60, 146, 107, 164, 136, 33, 62, 167, 110, 40, 29, 5, 187, 36, 156, 117, 130]",3
280,280,"[8, 105, 98, 3, 19, 119, 196, 192, 122, 32, 10, 175, 147, 58, 120, 170, 64, 137, 41, 163, 181, 139, 44, 4, 152, 106, 75, 157, 45, 86, 155, 167, 36, 124, 197, 100, 110, 28, 107, 65, 104, 34, 40, 117, 113, 144, 129, 114, 187, 136, 156, 63, 72, 115, 60, 130, 36, 110, 5, 176, 167, 195, 62, 84, 146, 29, 107, 33, 56, 164]",3
281,281,"[192, 58, 41, 10, 45, 44, 106, 122, 170, 8, 3, 196, 147, 137, 4, 86, 98, 64, 75, 181, 163, 19, 152, 119, 157, 105, 139, 32, 175, 120, 197, 167, 100, 155, 110, 65, 36, 124, 28, 107, 60, 84, 62, 63, 146, 164, 36, 40, 129, 187, 195, 56, 144, 72, 130, 114, 110, 113, 167, 34, 115, 5, 156, 104, 107, 29, 33, 117, 136, 176]",3
282,282,"[32, 137, 64, 98, 58, 86, 175, 157, 170, 152, 3, 45, 120, 163, 196, 8, 44, 4, 181, 19, 105, 10, 139, 75, 119, 192, 147, 122, 106, 41, 124, 100, 65, 28, 197, 167, 107, 110, 155, 36, 72, 136, 29, 60, 34, 110, 167, 146, 187, 195, 176, 33, 113, 114, 5, 63, 56, 115, 129, 156, 117, 62, 144, 164, 104, 36, 84, 40, 107, 130]",3
283,283,"[147, 86, 175, 58, 137, 163, 170, 41, 181, 152, 192, 10, 45, 139, 44, 8, 75, 157, 64, 3, 119, 196, 32, 19, 122, 106, 120, 105, 4, 98, 110, 65, 155, 100, 107, 167, 36, 28, 124, 197, 56, 136, 5, 156, 164, 84, 104, 62, 167, 129, 107, 110, 33, 130, 63, 187, 40, 113, 36, 114, 146, 117, 60, 34, 29, 195, 72, 115, 176, 144]",3
284,284,"[58, 152, 120, 139, 147, 122, 192, 10, 3, 75, 175, 32, 157, 196, 64, 4, 170, 98, 181, 44, 163, 45, 19, 119, 8, 86, 137, 106, 105, 41, 110, 107, 124, 100, 155, 167, 36, 65, 197, 28, 72, 5, 146, 56, 195, 129, 63, 62, 34, 167, 107, 113, 117, 187, 110, 136, 29, 36, 130, 176, 144, 114, 115, 40, 84, 60, 164, 33, 156, 104]",3
285,285,"[163, 139, 98, 3, 4, 157, 86, 19, 181, 75, 58, 147, 119, 10, 106, 32, 8, 120, 45, 137, 152, 64, 170, 196, 44, 122, 41, 105, 175, 192, 167, 110, 197, 36, 107, 65, 100, 28, 124, 155, 5, 195, 60, 36, 72, 146, 164, 104, 33, 63, 29, 187, 114, 34, 56, 136, 129, 110, 176, 144, 115, 107, 113, 62, 40, 117, 84, 167, 156, 130]",3
286,286,"[98, 139, 45, 32, 181, 8, 175, 170, 10, 19, 196, 105, 3, 157, 4, 163, 106, 64, 58, 192, 120, 41, 119, 44, 147, 122, 137, 152, 86, 75, 28, 65, 100, 155, 124, 110, 36, 167, 107, 197, 117, 72, 29, 40, 113, 104, 130, 144, 156, 187, 176, 136, 60, 114, 129, 195, 36, 110, 63, 62, 146, 34, 56, 5, 167, 115, 33, 164, 84, 107]",3
287,287,"[181, 120, 119, 98, 192, 4, 137, 122, 86, 58, 152, 196, 106, 44, 105, 10, 45, 157, 175, 170, 147, 64, 75, 19, 8, 3, 32, 163, 139, 41, 36, 65, 28, 107, 155, 197, 124, 100, 167, 110, 36, 72, 115, 130, 56, 29, 34, 110, 114, 63, 167, 104, 156, 60, 195, 113, 40, 62, 176, 33, 129, 187, 146, 5, 144, 136, 117, 164, 107, 84]",3
288,288,"[44, 75, 147, 170, 181, 139, 41, 86, 98, 122, 119, 4, 152, 45, 137, 3, 32, 8, 105, 157, 19, 196, 120, 64, 192, 163, 10, 58, 175, 106, 107, 28, 197, 100, 155, 65, 167, 36, 124, 110, 136, 144, 40, 167, 104, 176, 113, 164, 56, 130, 29, 146, 34, 114, 117, 33, 84, 72, 187, 195, 36, 156, 115, 110, 63, 129, 62, 107, 5, 60]",3
289,289,"[32, 45, 105, 19, 3, 170, 175, 98, 44, 137, 163, 120, 181, 58, 119, 157, 122, 64, 75, 8, 4, 10, 192, 196, 41, 106, 152, 147, 139, 86, 197, 167, 110, 155, 65, 28, 107, 124, 100, 36, 33, 60, 114, 164, 84, 176, 5, 167, 136, 63, 195, 187, 107, 72, 129, 104, 36, 146, 110, 40, 117, 34, 156, 56, 113, 29, 62, 144, 130, 115]",3
290,290,"[170, 163, 98, 122, 181, 3, 45, 58, 41, 10, 64, 157, 139, 175, 44, 86, 196, 119, 192, 105, 106, 147, 152, 75, 4, 32, 137, 8, 120, 19, 197, 155, 65, 36, 28, 167, 124, 107, 100, 110, 167, 115, 34, 156, 56, 144, 84, 40, 29, 130, 62, 104, 114, 60, 113, 5, 187, 164, 146, 63, 33, 129, 72, 107, 36, 195, 136, 110, 117, 176]",3
291,291,"[120, 170, 4, 163, 58, 196, 86, 119, 45, 98, 139, 106, 44, 8, 157, 10, 3, 75, 19, 137, 175, 41, 192, 181, 122, 105, 152, 64, 147, 32, 107, 36, 28, 100, 197, 65, 155, 167, 110, 124, 146, 176, 29, 129, 63, 156, 113, 114, 117, 136, 33, 110, 167, 5, 84, 130, 40, 115, 144, 195, 104, 34, 187, 56, 72, 36, 60, 62, 164, 107]",3
292,292,"[4, 139, 122, 45, 19, 181, 170, 175, 8, 147, 32, 192, 196, 163, 44, 157, 86, 41, 58, 105, 3, 98, 137, 119, 64, 106, 120, 75, 152, 10, 124, 167, 100, 110, 197, 28, 107, 36, 155, 65, 36, 33, 146, 167, 104, 136, 84, 187, 62, 107, 72, 5, 56, 115, 113, 130, 114, 110, 40, 129, 144, 63, 176, 34, 156, 60, 164, 195, 29, 117]",3
293,293,"[44, 175, 4, 139, 10, 163, 157, 75, 147, 105, 181, 86, 106, 45, 137, 192, 64, 58, 19, 8, 98, 119, 3, 152, 32, 122, 41, 120, 196, 170, 155, 100, 110, 28, 65, 107, 197, 36, 167, 124, 29, 117, 164, 156, 115, 36, 195, 113, 187, 56, 60, 144, 176, 110, 167, 136, 129, 5, 114, 130, 84, 62, 72, 104, 33, 34, 63, 40, 107, 146]",3
294,294,"[139, 120, 192, 152, 44, 19, 3, 58, 105, 106, 147, 4, 75, 64, 137, 157, 163, 181, 122, 86, 10, 119, 175, 41, 45, 170, 32, 8, 196, 98, 107, 110, 65, 155, 197, 124, 36, 100, 167, 28, 107, 84, 195, 117, 72, 110, 176, 62, 33, 156, 130, 36, 146, 114, 136, 60, 187, 63, 56, 167, 129, 34, 29, 104, 144, 115, 164, 5, 113, 40]",3
295,295,"[3, 4, 105, 19, 157, 86, 44, 32, 119, 163, 58, 106, 181, 139, 147, 10, 120, 64, 75, 122, 175, 8, 45, 98, 170, 192, 152, 137, 41, 196, 110, 107, 65, 155, 36, 167, 124, 100, 28, 197, 176, 114, 115, 5, 107, 144, 62, 129, 156, 33, 60, 164, 195, 34, 130, 167, 56, 187, 117, 36, 110, 29, 113, 146, 72, 136, 63, 40, 104, 84]",3
296,296,"[98, 45, 10, 196, 120, 4, 139, 119, 41, 152, 181, 175, 32, 64, 8, 170, 122, 86, 192, 147, 75, 19, 157, 137, 44, 106, 3, 105, 58, 163, 65, 28, 197, 107, 36, 110, 100, 124, 167, 155, 56, 156, 72, 62, 195, 29, 146, 110, 84, 144, 33, 5, 164, 136, 130, 63, 115, 104, 187, 113, 107, 167, 129, 60, 176, 114, 117, 40, 36, 34]",3
297,297,"[3, 105, 137, 196, 98, 75, 41, 170, 45, 139, 32, 106, 19, 122, 44, 120, 58, 175, 147, 8, 163, 10, 157, 181, 86, 4, 119, 152, 192, 64, 155, 197, 167, 100, 28, 124, 65, 36, 107, 110, 113, 167, 63, 36, 84, 110, 104, 164, 136, 60, 114, 40, 5, 62, 156, 195, 146, 56, 144, 187, 72, 129, 29, 107, 33, 130, 34, 117, 115, 176]",3
298,298,"[58, 119, 86, 192, 41, 10, 106, 157, 3, 120, 139, 170, 44, 19, 137, 163, 175, 8, 147, 98, 181, 4, 64, 152, 122, 45, 105, 196, 75, 32, 65, 28, 36, 155, 124, 107, 197, 167, 100, 110, 195, 34, 176, 63, 56, 117, 146, 164, 84, 104, 115, 114, 36, 107, 187, 144, 62, 136, 167, 129, 33, 29, 72, 40, 113, 110, 60, 156, 130, 5]",3
299,299,"[75, 3, 181, 58, 44, 106, 139, 86, 157, 41, 8, 147, 163, 32, 192, 19, 120, 105, 98, 10, 175, 152, 45, 64, 137, 122, 4, 170, 119, 196, 107, 28, 110, 36, 124, 155, 167, 100, 65, 197, 144, 5, 156, 130, 33, 136, 84, 40, 167, 176, 107, 164, 60, 36, 187, 29, 195, 146, 104, 56, 34, 113, 110, 115, 72, 63, 129, 117, 114, 62]",3
